time,open,high,low,close,Volume
1973-08-01,66.8,68,62,64.02,0
1973-09-03,65.45,69.35,62.45,67.82,0
1973-10-01,67.75,68.95,63.74,65.05,0
1973-11-01,65.4,68.25,61.51,66.05,0
1973-12-03,65.85,68.8,65.7,67.4,0
1974-01-01,67.64,76,67.35,72.65,0
1974-02-01,72.95,82.95,72.8,74.5,0
1974-03-01,73,76.9,69.81,74.9,0
1974-04-01,75.5,75.65,70.6,73.15,0
1974-05-01,73.2,75.6,70.65,73.13,0
1974-06-03,72.6,76.4,69.4,70.9,0
1974-07-01,70.65,73.45,67.8,69.25,0
1974-08-01,67.5,67.5,54.75,59.35,0
1974-09-02,57.35,57.35,49.8,54.2,0
1974-10-01,54.75,60.6,54.4,57.6,0
1974-11-01,57.35,62.35,57.15,61.63,0
1974-12-02,62,62.3,57.45,59.62,0
1975-01-01,59.8,59.9,53.25,54.75,0
1975-02-03,54.5,57.29,51.5,51.75,0
1975-03-03,50.75,52.6,50,51.9,0
1975-04-01,51.75,51.93,47,48.95,0
1975-05-01,49.37,55.2,49,54.11,0
1975-06-02,54.5,60.3,54,55.25,0
1975-07-01,54.9,84.35,52.65,84.05,0
1975-08-01,84.5,88.75,81.6,83.7,0
1975-09-01,82.7,84.5,77.55,80.93,0
1975-10-01,80.75,82.5,79.75,80.1,0
1975-11-03,80,80,74.75,79.9,0
1975-12-01,80.2,88.4,78.9,87.25,0
1976-01-01,87.15,96.95,86.4,95,0
1976-02-02,95.5,104.35,95.3,96.52,0
1976-03-01,95.25,108.7,94.55,108.7,0
1976-04-01,110.7,129.5,110.7,125.5,0
1976-05-03,123.5,144.8,122.5,141.05,0
1976-06-01,142.55,158.4,138.3,152.85,0
1976-07-01,152.4,154.4,120.35,141.75,0
1976-08-02,140.5,156.5,140.5,147.9,0
1976-09-01,148.9,167.5,148.26,166.25,0
1976-10-01,167.5,180.1,165.5,178.5,0
1976-11-01,178,191.3,176,186.98,0
1976-12-01,189,224.5,188.5,224.45,0
1977-01-03,230,230,190,222.93,0
1977-02-01,221.25,267.49,220.5,267.49,0
1977-03-01,271.49,324.01,271.49,308.75,0
1977-04-01,312,339.88,298.5,301.99,0
1977-05-02,295.99,311.5,269.99,273.12,0
1977-06-01,268,279.5,222.22,235.92,0
1977-07-01,235,245.39,184,222,0
1977-08-01,220,220,180.06,180.5,0
1977-09-01,180,187.75,158,165.5,0
1977-10-03,167,184.5,148,184.5,0
1977-11-01,185,205.5,162.25,170.33,0
1977-12-01,169.75,195,168.3,192.03,0
1978-01-02,195,202.5,182,190,0
1978-02-01,188.5,199.5,158.8,159.46,0
1978-03-01,159.5,173.5,144.5,168.65,0
1978-04-03,163,183.25,148,154.13,0
1978-05-01,153.75,171,152,171,0
1978-06-01,175,186.5,144,146.18,0
1978-07-03,142.18,143,106.6,128.46,0
1978-08-01,124.25,151.75,116,151.3,0
1978-09-01,153.4,156.4,142.1,149.65,0
1978-10-02,151,158,145.5,153.06,0
1978-11-01,150.5,154,130.5,133.98,0
1978-12-01,133,134,117.5,132.88,0
1979-01-01,133.5,137.25,123.6,127.76,0
1979-02-01,125.75,129.1,119.41,127.47,0
1979-03-01,127.5,138,126.6,137.49,0
1979-04-02,133.5,156.25,132.5,156.04,0
1979-05-01,155.3,159.35,148,155.82,0
1979-06-01,174,221.54,170,221.53,0
1979-07-02,220.25,220.5,187.75,198,0
1979-08-01,197,208,188.5,207.46,0
1979-09-03,206.5,217.65,202,213.81,0
1979-10-01,213.75,223,201.5,212.3,0
1979-11-01,212,215.49,197.71,205.85,0
1979-12-03,202.85,203.25,181,181.56,0
1980-01-01,182,183.75,160.1,166.39,0
1980-02-01,167.5,184.5,163,183.26,0
1980-03-03,182.75,194.75,180.75,182.25,0
1980-04-01,181,193.7,177.75,184.65,0
1980-05-01,184.75,204.5,182.5,194.05,0
1980-06-02,196.25,202.3,176,177.92,0
1980-07-01,176,179,130.5,143.06,0
1980-08-01,140,157.25,131,134.92,0
1980-09-01,131,146.4,121.5,126.66,0
1980-10-01,127.75,135.7,124.05,125.14,0
1980-11-03,124.25,124.6,110.75,121.38,0
1980-12-01,122.25,129.75,113.25,126.8,0
1981-01-01,126.5,134.8,118.1,122.36,0
1981-02-02,120.75,127.95,115.55,123.09,0
1981-03-02,121.7,131.4,117.65,128.66,0
1981-04-01,127.5,129.2,122.25,126.84,0
1981-05-01,126.7,128.9,110,113.78,0
1981-06-01,111.5,113,83.75,92.02,0
1981-07-01,94.25,132.5,87.75,123.13,0
1981-08-03,122,123.13,98.08,98.08,0
1981-09-01,96.3,132.5,95.25,129.15,0
1981-10-01,131,144.4,129.25,141.12,0
1981-11-02,141.5,155.25,128,129.68,0
1981-12-01,130.25,140.45,125.68,139.71,0
1982-01-01,140.5,149.95,135.1,149.14,0
1982-02-01,150.25,155,138,141.26,0
1982-03-01,140.1,149,124.5,128.56,0
1982-04-01,130,138.39,116.8,129.31,0
1982-05-03,129.5,138.25,119.5,138.23,0
1982-06-01,134,142.25,123.6,133.46,0
1982-07-01,132.5,132.8,119.65,126.81,0
1982-08-02,126,131.2,119.8,126.83,0
1982-09-01,126.8,144.9,125.3,144.87,0
1982-10-01,145,145.85,137.5,139.41,0
1982-11-01,139.4,142.49,131.3,136.08,0
1982-12-01,135.45,138.25,126.85,129.83,0
1983-01-03,130,133.5,122.5,122.81,0
1983-02-01,122.4,127.6,118.9,120.12,0
1983-03-01,120.5,126.9,120.35,123.23,0
1983-04-01,123,127.2,120.1,124.35,0
1983-05-02,124.6,135.5,123.2,131.75,0
1983-06-01,129.25,130.46,124.15,125.19,0
1983-07-01,125.5,130.25,125.5,126.07,0
1983-08-01,125.8,132.4,125.03,129.9,0
1983-09-01,130.25,136.9,128.51,136.48,0
1983-10-03,136.5,146.4,136.5,141.54,0
1983-11-01,141.01,149.13,139.75,144.01,0
1983-12-01,144.41,150,138.51,138.79,0
1984-01-02,139.3,145.9,137.1,142.44,0
1984-02-01,142.25,145,135.85,144.84,0
1984-03-01,145.01,152.3,141.9,151.37,0
1984-04-02,151.85,152.3,140.75,147.17,0
1984-05-01,146.75,158.42,141.75,144.35,0
1984-06-01,144.35,149.95,140.15,142.65,0
1984-07-02,141.6,145.7,138.1,139.01,0
1984-08-01,139.5,149.8,139.1,146.85,0
1984-09-03,144.1,146.25,134.45,135.95,0
1984-10-01,133.4,139.2,133.2,138.66,0
1984-11-01,138.6,141.25,135.51,136.76,0
1984-12-03,136.6,142.79,136.6,142.25,0
1985-01-01,142.5,152.1,140.4,150.05,0
1985-02-01,149.75,153.7,139.85,139.96,0
1985-03-01,139.5,146.2,139.25,144.43,0
1985-04-01,144.25,147.93,138.45,145.67,0
1985-05-01,145.46,147.6,142.76,144.1,0
1985-06-03,144.1,150.2,141.5,143.56,0
1985-07-01,143.05,143.64,131.25,133.49,0
1985-08-01,135,140.7,131.7,138.63,0
1985-09-02,138.1,139.65,134.4,138,0
1985-10-01,135.75,162.69,134.65,161.55,0
1985-11-01,163.5,168.6,153.77,168.56,0
1985-12-02,172.56,249,171.5,241.29,0
1986-01-01,255,276,207.35,214.43,0
1986-02-03,213.5,261,201.95,246.96,0
1986-03-03,241,257,231.15,246.41,0
1986-04-01,242.6,244.5,215.25,233.27,0
1986-05-01,233.1,238.75,185.75,187.98,0
1986-06-02,185.15,197,166.3,169.28,0
1986-07-01,173.25,190.5,157,169.47,0
1986-08-01,167.7,208,155,204.36,0
1986-09-01,204.5,219.5,195.5,201.36,0
1986-10-01,196.5,205.7,167.5,173.71,0
1986-11-03,173.25,182,146.25,150.85,0
1986-12-01,145.75,150.9,131.2,136.83,0
1987-01-01,134.42,136.9,120.25,123.98,0
1987-02-02,122.75,130.5,115.5,129.31,0
1987-03-02,124.55,126.8,99.9,100.04,0
1987-04-01,99.8,123.3,98.1,120.56,0
1987-05-01,118.1,127.25,114.75,119.46,0
1987-06-01,117.5,118.46,102.7,105.75,0
1987-07-01,105.7,108.5,99.5,101.54,0
1987-08-03,101.75,119.22,101.75,118.52,0
1987-09-01,117.7,119.9,111.1,112.77,0
1987-10-01,113.6,126.01,113.3,122.52,0
1987-11-02,122.3,133.25,122.25,129.7,0
1987-12-01,129,131.2,125.8,125.96,0
1988-01-01,125.55,131.8,125.5,131.55,0
1988-02-01,131.55,144.4,131.55,135.31,0
1988-03-01,135.4,137.5,131.7,134.51,0
1988-04-01,134.25,138.1,132.25,132.6,0
1988-05-02,132.5,137.15,130.25,133.77,0
1988-06-01,134.6,143.15,130.35,131.43,0
1988-07-01,132.3,139,118.5,124.72,0
1988-08-01,125.1,128.8,108,123.83,0
1988-09-01,123.55,133,122.1,131.93,0
1988-10-03,128.5,129.7,122,123.61,0
1988-11-01,123.25,129,122.3,123.77,0
1988-12-01,122.6,162.5,122.6,159.34,0
1989-01-02,161.1,166.9,132.53,132.64,0
1989-02-01,132.53,141.5,122.9,127.32,0
1989-03-01,128.4,135.24,125.55,128.13,0
1989-04-03,127.5,138,126,127.45,0
1989-05-01,126.85,136.15,125.3,130.68,0
1989-06-01,129.8,131.4,102.7,108.06,0
1989-07-03,103.5,105.9,78.9,78.99,0
1989-08-01,79.3,87.59,76.85,85.76,0
1989-09-01,85.8,88.5,78.3,80.6,0
1989-10-02,80.5,81.4,68.3,74.85,0
1989-11-01,74.5,81.65,72.5,77.7,0
1989-12-01,77.6,83.1,75.2,79.57,0
1990-01-01,79.57,83.7,76.6,79.99,0
1990-02-01,79.8,94.4,79.6,93.79,0
1990-03-01,94,105.5,87.3,92.14,0
1990-04-02,92.5,102,90.6,93.73,0
1990-05-01,93.4,98.3,90.05,94.05,0
1990-06-01,93.5,95.4,85.25,85.6,0
1990-07-02,85.1,93.8,84.5,93.8,0
1990-08-01,93.75,104.25,90.15,102.85,0
1990-09-03,102.25,104.6,92.75,93,0
1990-10-01,92.75,94.85,90.4,90.5,0
1990-11-01,89.5,91.1,84.4,86.9,0
1990-12-03,87.1,95.8,86.9,88.65,0
1991-01-01,89.1,91.3,82.2,83,0
1991-02-01,83.5,95.25,81.75,92.75,0
1991-03-01,92.95,100,89.7,94.7,0
1991-04-01,94.25,95.4,88.75,89.35,0
1991-05-01,89.35,90.75,85.9,86.7,0
1991-06-03,86.3,89.5,85.25,85.9,0
1991-07-01,86.15,87.35,79.6,81.4,0
1991-08-01,81.1,89.5,80,89,0
1991-09-02,88.8,94.55,81.65,82.9,0
1991-10-01,82.55,84.35,78.9,80.55,0
1991-11-01,79.5,86,76.45,83.8,0
1991-12-02,83.6,86.5,76.85,77.7,0
1992-01-01,76.8,80.5,72.15,72.15,0
1992-02-03,72.3,74.2,66.15,70.9,0
1992-03-02,70.7,75.2,67.3,68.5,0
1992-04-01,68.65,74.2,62.4,62.9,0
1992-05-01,62.8,65.75,58.75,63.3,0
1992-06-01,63.5,64.75,56.8,58.1,0
1992-07-01,58.1,63.25,54.8,56.25,0
1992-08-03,56.25,57.1,51,54.2,0
1992-09-01,54.2,58.3,49.8,55.7,0
1992-10-01,56,68.5,56,68.45,0
1992-11-02,68.1,74.1,61.9,73,0
1992-12-01,73.75,83.55,73.75,77.55,0
1993-01-01,78.15,78.25,54.1,58.3,0
1993-02-01,58.8,69.6,57.2,64.85,0
1993-03-01,63.1,66.05,55.85,58.6,0
1993-04-01,57.6,64.3,54.1,64.2,0
1993-05-03,64.4,66.3,56.25,63.55,0
1993-06-01,62.9,64.85,57.6,61.35,0
1993-07-01,61.5,77.9,61,76.55,0
1993-08-02,78.2,80.1,69.5,77.9,0
1993-09-01,77.3,83.8,74.15,74.5,0
1993-10-01,73.25,79.45,70.8,79.3,0
1993-11-01,79.3,81.15,74.6,77.6,0
1993-12-01,78.2,80.3,71.35,71.55,0
1994-01-03,71.45,75.85,70.55,72.35,0
1994-02-01,73.05,79.5,71.95,76.4,0
1994-03-01,76.75,83.9,75.2,82.2,0
1994-04-01,81.4,89.7,79.6,89.5,0
1994-05-02,89.7,145.5,88.8,126,0
1994-06-01,124.5,200,117.3,191.6,0
1994-07-01,201.5,274,184,202.75,0
1994-08-01,204.5,221.25,174,210.9,0
1994-09-01,209,232.5,207.5,208.85,0
1994-10-03,212.25,215.75,179,187.4,0
1994-11-01,188,197.5,156.5,160.8,0
1994-12-01,160.75,178,144.5,168.85,0
1995-01-02,166.5,176.25,154,155.5,0
1995-02-01,155.35,184.7,150.75,181.25,0
1995-03-01,179.5,188.95,161.6,166.3,0
1995-04-03,166.8,179.2,163,174.15,0
1995-05-01,173.1,178.1,149,153.85,0
1995-06-01,154.75,162,130,130.3,0
1995-07-03,130,152.8,120,145.7,0
1995-08-01,146,157.35,140.35,147.5,0
1995-09-01,146,151.9,113.15,117.25,0
1995-10-02,120,129,111.5,121.55,0
1995-11-01,121,126.5,103.5,104.85,0
1995-12-01,104.85,107.9,93.15,94.9,0
1996-01-01,92.6,131.5,90.4,128.6,0
1996-02-01,128,130.75,112.1,115.9,0
1996-03-01,114.5,124.9,110.65,115.45,0
1996-04-01,115.45,133.5,111,124.45,0
1996-05-01,125.8,130.5,115.7,116.1,0
1996-06-03,114.5,123,112.15,121.45,0
1996-07-01,116,121.1,101.5,106.4,0
1996-08-01,106.25,128.5,105.3,118.25,0
1996-09-02,115.5,116.3,102.25,102.95,0
1996-10-01,103.5,123,103.5,117.2,0
1996-11-01,117.75,124.6,106.4,107.75,0
1996-12-02,106.2,117.75,102.25,116.9,0
1997-01-01,117,147.8,113.6,139.4,0
1997-02-03,141.5,177,137.6,176.85,0
1997-03-03,180,209.5,158.65,191.15,0
1997-04-01,190.5,212,162.75,210.4,0
1997-05-01,211,318,209,276.4,0
1997-06-02,270,275,165,172.4,0
1997-07-01,174,198,156,184.5,0
1997-08-01,184.5,209.75,154.5,179.9,0
1997-09-01,182.5,196,160,162.5,0
1997-10-01,162.5,171.5,146.1,148.65,0
1997-11-03,148,158.75,138.5,155.05,0
1997-12-01,156.15,188.5,154,162.45,0
1998-01-01,161.9,183.5,156,174.7,0
1998-02-02,176,183,160.5,162.15,0
1998-03-02,162,162,139.25,146.25,0
1998-04-01,146,150,129.5,131.45,0
1998-05-01,131.5,138,124,132.5,0
1998-06-01,131,131,108.5,110.2,0
1998-07-01,109.5,129.5,105,129.2,90464
1998-08-03,128.5,137.4,108.25,116.35,112187
1998-09-01,116.85,117,98.75,105.15,124538
1998-10-01,104.5,112.5,99.5,110,126254
1998-11-02,112,129.25,106.75,110.1,103973
1998-12-01,109.75,122.7,107,117.75,120779
1999-01-01,116.5,125,102.25,103.9,148295
1999-02-01,106,110.5,101.3,102.9,116672
1999-03-01,103.5,113.35,100,109.7,191158
1999-04-01,110.5,110.5,97.25,104,143008
1999-05-03,104,127,101.1,121.6,178623
1999-06-01,119,125,99.1,101.4,147303
1999-07-01,101.75,102.25,90.5,91.1,134606
1999-08-02,90.4,103.5,88.25,89.85,133340
1999-09-01,91,96.45,80.8,82.45,118637
1999-10-01,81.75,120,80,100.2,178213
1999-11-01,105,137,101.8,134.6,142275
1999-12-01,134,149,115.35,125.9,134641
2000-01-03,124,126,110.5,111.1,119417
2000-02-01,110.6,114.5,98.4,100.4,126904
2000-03-01,101.25,110.25,100.8,103.7,119620
2000-04-03,103.5,103.7,95.35,98,121555
2000-05-01,99,104.7,92.25,93,137414
2000-06-01,94,97.25,86.5,87.45,118683
2000-07-03,87,122,82.4,86.45,158127
2000-08-01,86.5,87.75,78.75,79.7,98914
2000-09-01,80,85.25,77.4,83,99991
2000-10-02,81,91,73.35,74.4,119063
2000-11-01,75,81.1,71.3,71.7,99769
2000-12-01,72.25,72.75,64.9,65.55,89290
2001-01-02,65.25,72.5,62,63.75,128585
2001-02-01,64,67.7,61.3,65.9,103339
2001-03-01,65.5,69,59.4,60.3,112588
2001-04-02,60.5,65.9,57.5,64.45,138143
2001-05-01,65.25,69.7,57.1,57.15,128987
2001-06-01,58.25,64.25,57.1,58.5,118260
2001-07-02,57.5,58.4,50.6,51.95,88424
2001-08-01,51.7,58.5,48.1,54.35,141282
2001-09-04,53.5,53.7,47.75,48.3,62459
2001-10-01,47.75,48,42.2,43.9,95850
2001-11-01,43.7,53,43.45,46.2,112852
2001-12-03,46.75,50,44.75,46.2,89542
2002-01-02,45.75,51.6,44.5,45.1,125710
2002-02-01,44.25,51.3,44,46.3,139128
2002-03-01,46.7,57.8,46.3,57.2,157837
2002-04-01,56.5,59.7,50.1,52.85,158516
2002-05-01,52.5,53.4,48.5,51.9,98954
2002-06-03,52,52.35,48.5,48.85,114904
2002-07-01,49.25,54.2,46.5,46.8,103125
2002-08-01,46.5,53.5,46.5,53.2,137176
2002-09-03,52.8,64.3,51.95,54.5,171816
2002-10-01,54.25,73.5,54.25,65.95,168354
2002-11-01,65.35,73.3,62.75,70.6,130256
2002-12-02,70.3,73.8,59.05,60.2,133061
2003-01-02,60.5,69.5,60.25,65.3,142029
2003-02-03,64.9,70.25,59,59.15,151402
2003-03-03,58.5,62.1,57,58.65,116351
2003-04-01,58.75,69.5,58.1,69.25,198255
2003-05-01,69.25,71.2,58.1,58.35,171873
2003-06-02,58.5,63.65,57.9,61.1,148190
2003-07-01,61.25,64.25,58.8,63.45,176701
2003-08-01,64,66.75,62.05,63.4,147549
2003-09-02,63.9,72.8,62,62.9,278038
2003-10-01,63.5,66.9,58.6,58.65,214528
2003-11-03,59,64.35,58.6,60.65,168474
2003-12-01,60.55,67.5,60,64.95,187714
2004-01-02,64.75,79.2,64,75.5,262005
2004-02-02,74,78.4,70.5,76.75,228481
2004-03-01,77.15,79.5,70.85,73.75,228873
2004-04-01,74,76.25,69.05,69.1,225065
2004-05-03,69.5,86.5,69.15,85.55,249177
2004-06-01,85.6,87.25,72.5,75.3,239446
2004-07-01,75,75.25,66.2,66.45,182951
2004-08-02,66.25,74.7,65,72.6,215116
2004-09-01,72.4,86.4,70.45,82.35,253791
2004-10-01,81.25,81.3,71.9,74.4,202645
2004-11-01,75,100,73.8,97.45,273453
2004-12-01,97,108.7,93,103.75,231316
2005-01-03,103.5,106.25,95.1,105.35,209352
2005-02-01,104.25,126.6,103.3,121.55,263443
2005-03-01,121.55,139.5,119.55,126.4,248193
2005-04-01,126.4,135,112.75,127.95,267186
2005-05-02,127.5,129.25,116,118.35,179546
2005-06-01,118.75,126.75,104.5,108.05,242769
2005-07-01,109.4,110,96.15,103.15,144297
2005-08-01,103,108.6,94,101.05,230919
2005-09-01,102.5,105.5,86.3,93.45,196220
2005-10-03,93.5,106.8,91.6,96.65,189315
2005-11-01,97.4,112.4,96,97,227521
2005-12-01,97,108.4,93.5,107.1,171381
2006-01-03,107.5,125.9,106.2,118.2,239562
2006-02-01,118.5,120.2,106.5,113.7,240810
2006-03-01,113,115.3,103.5,107,228686
2006-04-03,106.5,116.4,106.5,109.7,237670
2006-05-01,110,113.6,97.1,98.95,222948
2006-06-01,98.55,103,95.1,101.1,262993
2006-07-03,102.5,104.75,93.95,99.35,200956
2006-08-01,98.75,114,97.5,108,291352
2006-09-01,107.2,111.2,101,107.65,185133
2006-10-02,107.1,110,100.9,108.25,208285
2006-11-01,108,126.8,107.4,124.3,274703
2006-12-01,124.3,130,121.9,126.2,193912
2007-01-03,124.3,125.9,115.3,117.65,216492
2007-02-01,118.3,121,114.3,118.5,253353
2007-03-01,118,118.8,108.4,109.25,251564
2007-04-02,109.25,117.05,105.75,106.15,255153
2007-05-01,106.15,114.05,103.25,111.9,237358
2007-06-01,111.9,119,110.9,112.8,321278
2007-07-02,112.8,116.2,108.7,114.3,226904
2007-08-01,113.8,126,112.75,115.85,306289
2007-09-04,116.75,135,115.2,128.65,263813
2007-10-01,130,140.8,119.8,121.35,308956
2007-11-01,121.8,131.5,118,129.2,251563
2007-12-03,129,137,127.6,136.2,159287
2008-01-02,136,139.4,129.7,138.15,287418
2008-02-01,137.6,171.9,137.15,166.8,376930
2008-03-03,165.25,168.85,125.85,127.4,352789
2008-04-01,127,142.85,126.2,135.45,304643
2008-05-01,135.5,142,128.8,133.9,254540
2008-06-02,133.85,156.3,130.5,153.2,342182
2008-07-01,153.2,156.2,133.95,139.35,212719
2008-08-01,139.5,152.25,134.8,145.75,294553
2008-09-02,145,148,128.8,130.45,255416
2008-10-01,131.1,131.9,105.05,113,229708
2008-11-03,114,121.15,109.35,116.1,207807
2008-12-01,115.8,116,102.15,112.05,164547
2009-01-02,111.85,123.4,106.05,118.9,188758
2009-02-02,118.9,124.25,110.05,111.9,199746
2009-03-02,111.35,119.2,104.35,115.75,213509
2009-04-01,115.55,122.35,112.75,115.9,203208
2009-05-01,115.7,138.85,115.65,137.4,191140
2009-06-01,137,142.9,117.55,119.9,231611
2009-07-01,119.7,128,113.35,127.85,188056
2009-08-03,128.15,140.5,120.3,122.3,209964
2009-09-01,122.6,138.3,119.9,127.8,177639
2009-10-01,127.5,145.4,125.9,135.5,230087
2009-11-02,135,144,133.05,142,247866
2009-12-01,142,149.5,135.8,135.95,199770
2010-01-04,136,146.95,131.6,131.7,226605
2010-02-01,132,137.35,128.25,131.2,276233
2010-03-01,131.2,139.05,128.7,136.15,241219
2010-04-01,136.55,139.85,130.2,135.3,244959
2010-05-03,135.2,138.7,130.25,134.25,242314
2010-06-01,134,176.5,132.55,165.85,400324
2010-07-01,165.45,178.75,155.8,176.3,230188
2010-08-02,175.6,188.65,165.15,178.45,310666
2010-09-01,179.65,198.65,178.25,183.05,228570
2010-10-01,183.65,204.6,171.6,203.45,249113
2010-11-01,202.8,221.45,192.8,201.2,253694
2010-12-01,201.35,242.25,200.05,240.5,190399
2011-01-03,239,250.75,226.5,244.8,238182
2011-02-01,245.55,278.4,245.35,271.7,238294
2011-03-01,271.9,296.65,257.8,264.15,260692
2011-04-01,265.5,303.4,254.05,299.85,256137
2011-05-02,299.65,308.9,258.6,264.6,249343
2011-06-01,264.25,273.8,241.45,265.6,298371
2011-07-01,264.9,271.9,237.2,239.55,212069
2011-08-01,240.6,288.5,231.35,288.25,319501
2011-09-01,287.15,290.85,228.5,228.9,267377
2011-10-03,228.5,252.5,219.8,226.95,261447
2011-11-01,226.4,243.3,220.45,236.9,226622
2011-12-01,236.1,238.95,212.35,226.85,169294
2012-01-03,226.85,238.5,213.1,215.05,230818
2012-02-01,214.5,224.6,197.8,203.25,280217
2012-03-01,202.95,205.1,174.45,182.45,304502
2012-04-02,182.5,190.45,173.9,179.55,280087
2012-05-01,179.4,185.4,160.15,160.65,273261
2012-06-01,160.65,171.75,150.1,170.7,322137
2012-07-02,170.75,192.2,169.7,174.4,265095
2012-08-01,174.65,177.85,160.25,164.75,279888
2012-09-04,165.65,183.7,156.55,173.5,282593
2012-10-01,172.85,185.45,154.4,154.65,320660
2012-11-01,154.65,159.7,147.1,150.6,327258
2012-12-03,150.6,155.15,141.25,143.8,206112
2013-01-02,145,157.9,142.6,146.95,360983
2013-02-01,146.95,149.8,137.6,143.2,357748
2013-03-01,143.15,147.5,132.05,137.15,265598
2013-04-01,137.15,144.5,132.7,135.1,487944
2013-05-01,135.55,148.8,125.05,127.05,369868
2013-06-03,127.05,130.9,117.1,120.4,384967
2013-07-01,120.3,134,117.4,118.6,364470
2013-08-01,118.75,127,115.35,116.3,372016
2013-09-03,116.3,121.1,113.5,113.7,244582
2013-10-01,113.9,117.95,105.25,105.4,265596
2013-11-01,105.4,112,100.95,110.85,370338
2013-12-02,110.85,118.4,105.65,110.7,225791
2014-01-02,111.05,125.95,110.2,125.2,351724
2014-02-03,125,181.25,125,180.3,542315
2014-03-03,180.3,209.75,166,177.9,347882
2014-04-01,177,219,167.9,205.85,391657
2014-05-01,205.65,208.8,170.8,177.5,256691
2014-06-02,177.25,184.9,165.1,175.1,319380
2014-07-01,175.2,196.4,159.25,195.05,258462
2014-08-01,194.85,207.4,179.4,201.2,355392
2014-09-02,202.1,209.95,176.4,193.35,275873
2014-10-01,194,225.5,185.65,188,343265
2014-11-03,188.95,201.35,182.1,187.45,329694
2014-12-01,186.6,190.8,164,166.6,219883
2015-01-02,165.05,184.9,158.7,161.9,349749
2015-02-02,162.4,172,140.15,140.5,397787
2015-03-02,141.3,146.75,128.75,132.9,343661
2015-04-01,133.4,147.35,133.05,137.45,409591
2015-05-01,137.55,143.85,123.55,126.15,345344
2015-06-01,128.2,138.85,127.9,132.4,469057
2015-07-01,130,132.95,119.85,125.25,344990
2015-08-03,125.1,142.6,120.25,124.3,534949
2015-09-01,124.25,124.9,114.55,121.35,316330
2015-10-01,121.3,137.6,116.3,120.95,375619
2015-11-02,121,126.6,115.3,119.65,457157
2015-12-01,120,128.3,116.8,126.7,288512
2016-01-04,126.15,126.3,111.05,116.35,359567
2016-02-01,115.8,124,114.1,115.05,480109
2016-03-01,115.65,136.4,113.4,127.45,482352
2016-04-01,127.35,131.2,119.6,121.5,507966
2016-05-02,121.8,135.3,118.9,121.55,423331
2016-06-01,121.5,147.9,120.85,145.65,612820
2016-07-01,146,154.8,139.05,146.2,344392
2016-08-01,145,147.8,136.95,147.05,509505
2016-09-01,146.7,160.9,146.6,151.55,397900
2016-10-03,151.1,166.9,145.2,164.15,419899
2016-11-01,163.25,176.45,150.45,150.6,522544
2016-12-01,151.05,151.25,132.85,137.05,349180
2017-01-03,137.8,156.95,134.4,149.55,346140
2017-02-01,149.55,153.3,140.4,142.6,403445
2017-03-01,143.15,146.5,136.2,139.3,341667
2017-04-03,138.8,146.4,128.65,133.4,497782
2017-05-01,134,137.75,127.15,129.35,337419
2017-06-01,129.5,131.45,115.5,125.7,539316
2017-07-03,126.5,139.35,125.8,139.25,374025
2017-08-01,139.25,146.95,126.9,129.35,495920
2017-09-01,129,143.25,126.75,128.05,386536
2017-10-02,127.8,132.7,122.85,125.1,402076
2017-11-01,124.7,133,121.2,128.5,559552
2017-12-01,129,130.3,118.3,126.2,359553
2018-01-02,126,131.35,119.6,121.85,533875
2018-02-01,121.7,126.5,118.55,122,508879
2018-03-01,122.05,124.2,116.5,118.15,430962
2018-04-02,118.7,123.05,115.3,122.8,650261
2018-05-01,122.65,125.95,116.35,123.7,521358
2018-06-01,123.9,124.95,114.5,115.1,629297
2018-07-02,114.9,115.75,106.9,109.9,503550
2018-08-01,109.7,111.45,99.35,101.8,795984
2018-09-04,101.2,104.15,95.1,102.45,413939
2018-10-01,102.15,125.5,101.1,112.7,785177
2018-11-01,113.05,121.7,107.25,107.55,629408
2018-12-03,108.5,110.85,98.6,101.85,342641
2019-01-02,101.6,107.15,99.35,105.9,473792
2019-02-01,106.15,108.25,96.35,98.45,582467
2019-03-01,98.3,100.95,92.6,94.5,470790
2019-04-01,94.05,96.95,89,93.15,781280
2019-05-01,92.8,105.3,87.6,104.6,603492
2019-06-03,104.85,110.5,96.25,109.45,715454
2019-07-01,111.75,115.65,98.1,99.65,567962
2019-08-01,97.85,101.45,93.4,96.85,565425
2019-09-03,96,104.95,94.2,101.15,430738
2019-10-01,101.05,102.9,92.2,101.95,553713
2019-11-01,102.15,119.8,101.1,119.05,765232
2019-12-02,119,142.45,117.95,129.7,661485
2020-01-02,129.55,130.95,100.15,102.65,480506
2020-02-03,102,113.8,97.4,111.35,670977
2020-03-02,112.25,130.65,101.4,119.55,622681
2020-04-01,117.75,122.6,103.8,106.3,372764
2020-05-01,105.8,113.15,95.85,96.3,311319
2020-06-01,95.85,103.15,94.55,101,473551
2020-07-01,101.25,119.4,96.3,118.95,444946
2020-08-03,118.2,130.2,111.6,129.05,527576
2020-09-01,130.45,135.45,108.3,110.95,520958
2020-10-01,110.95,113.35,102.95,104.4,388627
2020-11-02,103.9,124.8,102.15,123.3,513072
2020-12-01,123.45,129,116.45,128.25,362026
2021-01-04,128.4,131.75,118.75,122.95,386215
2021-02-01,122.65,140.45,120.2,137.5,516969
2021-03-01,137.7,139.8,120.5,123.5,436277
2021-04-01,124.95,147.65,120.55,141.45,507038
2021-05-03,141,163.15,139.6,162.35,390903
2021-06-01,162,166.75,149.05,159.75,539358
2021-07-01,161.1,215.2,147.65,179.55,571188
2021-08-02,179.35,201.55,171.6,195.9,513930
2021-09-01,195.9,199.75,182,194,335857
2021-10-01,194,215.15,191.3,203.95,405151
2021-11-01,203.2,248.2,198.7,232.3,585637
2021-12-01,234.5,252.35,223.1,226.1,326589
2022-01-03,226.15,245,220.55,235.1,377814
2022-02-01,235.75,260.45,232.4,232.9,478236
2022-03-01,235,239.15,210.15,226.4,417459
2022-04-01,226,237.7,214.25,222.1,426326
2022-05-02,221,233.8,202.3,231.25,386918
2022-06-01,232.05,242,217.1,230.1,455728
2022-07-01,231.05,236.05,194.6,217.2,370697
2022-08-01,217.55,242.95,205.9,235.25,468593
2022-09-01,234.6,236.4,210.85,221.55,342816
2022-10-03,220.8,226.45,167.75,177.7,481531
2022-11-01,177.85,183.4,154.05,169.9,446789
2022-12-01,170,174.95,154.55,167.3,316310
2023-01-03,166.45,182.8,142.05,181.75,481023
2023-02-01,180.3,194.15,171.25,186.3,480403
2023-03-01,184.75,186.4,166.15,170.5,444205
2023-04-03,171.3,204.9,171.25,185.95,453135
2023-05-01,184.15,194.4,175.55,178.65,423612
2023-06-01,179.65,196.15,157.75,159,517550
2023-07-03,159.9,166,155.05,164.65,360066
2023-08-01,165.1,168.3,147.2,154.5,508733
2023-09-01,154.65,164.5,144.95,146.15,400073
2023-10-02,146,169.05,143.7,167.3,503881
2023-11-01,166,185.9,158.75,184.7,565492
2023-12-01,185.75,203.9,175.05,188.3,406378
2024-01-02,188.65,197.45,175.55,194.05,420620
2024-02-01,193.4,195.3,177.5,184.35,488783
2024-03-01,184.85,194.75,179.35,188.85,417421
2024-04-01,188,245.4,187.7,216.65,713654
2024-05-01,214.65,237.75,192.15,222.35,497746
2024-06-03,221.15,239.8,216.1,226.8,479706
2024-07-01,227.3,255.3,219.05,229.2,429765
2024-08-01,229.2,259.45,221,244.05,515576
2024-09-03,241.95,275.05,235.3,270.25,361363
2024-10-01,269.8,271.45,243.35,245.9,384547
2024-11-01,246.3,335.45,241.3,318.05,558772
2024-12-02,313.05,348.35,290.05,319.75,385358
2025-01-02,321.55,381.05,314.9,377.85,354317
2025-02-03,375.85,429.95,366.3,373.05,457049
2025-03-03,375.7,418.55,375.7,384.4,93832