Date,Colombia_temperature_2m_mean,Colombia_daylight_duration,Colombia_sunshine_duration,Colombia_precipitation_sum,Colombia_wind_speed_10m_max,Colombia_wind_gusts_10m_max,Colombia_et0_fao_evapotranspiration
01/1990,17.148645064516128,11.876305869175626,9.00476930107527,20.690322341935484,5.882682180645161,25.548386741935484,2.884960329032258
01/1991,17.229626096774194,11.875724417562724,9.431210528673835,24.770968377419354,6.040817077419355,25.98967693548387,2.8593302096774194
01/1992,17.15993535483871,11.875198808243727,8.766579220430108,16.474193525806452,5.691653545161291,24.898063677419355,2.8376023032258066
01/1993,16.786547806451612,11.876950492831542,8.313036387096773,23.067741554838708,5.395459370967742,24.212902612903225,2.6809407645161287
01/1994,16.54481451612903,11.876409175627241,8.695130667562724,30.767742225806455,5.754101925806451,24.863225387096776,2.558924058064516
01/1995,17.227273677419355,11.875834847670252,9.921733082437276,23.887096632258064,6.1331966096774195,25.58322522580645,3.1686312774193546
01/1996,16.53500251612903,11.875304749103941,9.402472867383512,33.541933961290326,5.903433429032258,24.11999906451613,2.7994332806451614
01/1997,16.516252774193546,11.877046039426524,8.270010734767025,27.100000612903226,6.156679164516129,25.838709451612903,2.366514251612903
01/1998,18.608725677419354,11.876461066308243,9.985052598566309,18.706451587096776,6.202484067741936,26.686451096774196,3.5357322290322584
01/1999,16.75153451612903,11.875868691756274,9.414557580645162,34.912903899999996,5.693416374193549,25.699354322580646,2.7078219806451616
01/2000,16.241118161290323,11.875353566308245,8.421755833333334,28.02580715483871,6.037670970967742,25.46709635483871,2.519428787096774
01/2001,16.22760985483871,11.877080089605734,9.695040197132617,34.99032283870968,5.769654506451613,25.107096193548387,2.9706739161290323
01/2002,17.02196470967742,11.876490304659498,9.996907132616489,29.058064977419352,6.0397510064516124,25.827096322580648,3.1313844483870965
01/2003,17.591722967741937,11.87591211469534,10.361645663082436,17.609677664516127,6.006504041935483,24.584515419354837,3.3810264677419353
01/2004,17.118873612903226,11.875394516129031,9.183463010752687,21.20645190967742,6.4400659000000005,25.89677358064516,2.919704693548387
01/2005,17.162690903225805,11.87713035842294,8.830054928315413,21.741935851612904,6.011515180645161,25.060644806451613,2.729592241935484
01/2006,16.729424612903227,11.87654123655914,8.815417517921148,29.25483832903226,6.199771180645161,25.710967225806453,2.636888077419355
01/2007,17.749988967741935,11.875984964157706,9.645174327956989,25.470968129032258,5.461793583870968,24.39870909677419,2.956049419354839
01/2008,16.76027129032258,11.875498252688171,8.84213273297491,26.209676851612905,5.8891650032258065,25.06064470967742,2.6525239032258066
01/2009,16.710808903225807,11.87721435483871,8.55958180107527,40.09677451612903,5.635179664516129,24.932902322580645,2.5620145032258064
01/2010,17.72283835483871,11.876624605734767,10.043876953405018,19.88709670967742,6.432068887096774,26.11741906451613,3.4516781741935483
01/2011,16.584263225806453,11.876084650537633,9.32800340501792,34.474194406451616,6.102013390322581,25.501934838709676,2.803756470967742
01/2012,16.731776741935484,11.875593503584229,8.704713086917561,36.11290338709678,5.866659070967741,24.781934967741932,2.6492350377419354
01/2013,17.831843838709677,11.877311218637994,9.984179462365592,14.687096722580645,6.351142541935483,25.258063838709674,3.2368643387096774
01/2014,17.234061548387096,11.876717329749104,8.797900170250896,26.406451783870967,5.982070487096774,24.71225764516129,2.745019164516129
01/2015,17.30684370967742,11.876179193548388,9.496673315412187,25.77741873548387,6.357649996774193,25.89677370967742,3.113110061290323
01/2016,18.213698709677416,11.875687983870968,10.09611164874552,21.196774751612903,6.122363383870968,25.76903180645161,3.2590740193548386
01/2017,18.862957709677417,11.877370026881719,9.260665958781363,5.867741861290322,7.321171938709678,21.971612612903225,2.9738752774193546
01/2018,18.67122316129032,11.876779937275986,9.34041905017921,6.10322599516129,6.986803109677419,21.704515838709675,2.987270990322581
01/2019,19.787554903225804,11.87624899641577,9.759729148745519,3.045161329032258,7.960958087096774,22.52903164516129,3.4281980064516127
01/2020,20.13298435483871,11.875731191756271,10.24211145609319,3.532258064516129,8.384629616129033,23.16774158064516,3.8603228806451613
01/2021,18.875054612903227,11.877396657706093,9.771067741935484,4.693548367741935,7.067201196774193,21.92516093548387,3.4144184354838707
01/2022,18.689906258064518,11.87679700716846,9.146296290322582,5.2999999332258065,7.7290969,22.772902548387098,3.253449722580645
01/2023,18.180027129032258,11.876273512544802,9.407468091397849,10.480645487096774,7.358485903225807,21.716128387096774,3.3464882129032256
01/2024,20.654221322580643,11.875772992831541,10.667556630824373,3.932258062580645,6.856545538709677,21.42580577419355,3.951969325806451
02/1990,17.43518717857143,11.968702748015874,8.282956001984127,15.782142857142857,5.7931587,26.421428,2.824486939285714
02/1991,17.66353557142857,11.96781796626984,9.296133789682541,26.578572039285714,5.983253417857143,27.37285664285714,3.1313872392857145
02/1992,17.250758241379312,11.968946120689656,7.854043093869732,26.65517170344828,5.659179006896552,25.895172103448274,2.7570214620689657
02/1993,17.069413178571427,11.969811458333334,8.855872688492063,31.489284942857143,6.0363657250000005,26.22857067857143,2.902680382142857
02/1994,16.921645535714287,11.968861656746032,7.794080317460318,31.900000771428573,5.1428908714285715,25.14857082142857,2.531023267857143
02/1995,17.27462142857143,11.967988482142857,10.139799024801588,20.646428205,6.517524557142857,27.308570964285714,3.6304548857142858
02/1996,16.598962,11.969069683908046,8.71450509578544,45.06896562068966,5.995378851724138,25.833102827586206,2.7563287758620687
02/1997,17.092329928571427,11.969918154761904,7.817339652777777,37.92499830357143,5.489608578571429,25.264285035714288,2.9094427071428575
02/1998,18.35259832142857,11.968953531746033,8.795772424603175,46.403571975,5.875142192857142,26.768570714285715,3.0631614178571427
02/1999,16.767702464285716,11.968049375000001,7.768205538690475,36.51428557142857,5.7351097285714285,25.161428,2.4914546857142854
02/2000,16.24005424137931,11.969131091954024,8.566136944444445,43.21379275862069,5.853889282758621,25.73379255172414,2.6992388103448275
02/2001,16.875737607142856,11.969978680555556,10.296943392857143,21.975000410714284,6.719783153571428,30.034284964285714,3.3953105464285716
02/2002,17.369190392857142,11.969053571428573,10.12906738095238,24.03214241785714,6.079867425000001,26.26714253571429,3.3763985821428575
02/2003,17.92633307142857,11.968180257936508,9.33740492063492,23.23214336785714,6.303127467857143,26.29285667857143,3.300799960714286
02/2004,17.000039862068967,11.969229099616859,10.443494157088123,29.786206872413793,6.413196624137932,26.55310275862069,3.516895203448276
02/2005,17.938163678571428,11.970098998015873,10.026694831349205,23.48214282142857,6.202480060714286,25.058570892857144,3.2270245357142855
02/2006,17.393372107142856,11.969187797619046,9.63419068452381,31.910713714285716,6.145897128571429,25.88142767857143,3.235087525
02/2007,17.22023167857143,11.96830238095238,10.484138680555557,26.95357217142857,6.67257035,27.08999957142857,3.5526729785714286
02/2008,16.639407827586208,11.969366101532568,9.693323850574712,31.62758686551724,6.371645968965518,26.801378827586205,2.925219251724138
02/2009,16.80103564285714,11.970234503968255,8.446421220238095,38.43571382142857,6.1215351,27.668570857142857,2.861398107142857
02/2010,18.51152692857143,11.969334761904761,8.909496884920635,33.45357128928571,6.290248039285714,25.91999942857143,3.189131296428571
02/2011,16.87930942857143,11.968451101190476,7.659928679563492,20.364285646428574,5.940173471428571,26.164285321428572,2.7189801785714285
02/2012,16.508444965517242,11.969478237547893,9.577151024904214,52.693102413793106,6.153232475862069,26.913102896551724,3.0296894551724134
02/2013,17.158178071428573,11.97037392857143,8.522423125,47.700000571428575,6.012626907142858,27.089999392857145,2.688218735714286
02/2014,17.28094625,11.96947267857143,8.106231240079365,30.621428642857143,5.406630417857143,24.698570714285715,2.7619298999999997
02/2015,17.479755821428572,11.968554890873017,9.119619761904762,21.09999959642857,6.06478935,26.48571375,3.188975439285714
02/2016,18.488976827586207,11.969580181992338,9.282216111111111,28.027585868965517,6.017384472413793,27.186206137931034,3.2515522448275864
02/2017,19.260521357142856,11.97047328373016,10.132473382936508,4.585714428571428,7.143898696428572,22.409999571428568,3.5776725142857146
02/2018,19.228899000000002,11.969582063492064,9.090158194444445,4.300000126785714,7.7127813142857145,23.695714035714285,3.027290017857143
02/2019,19.767812678571428,11.9686664484127,9.059602950396826,6.635714396428571,7.286091775,23.42571375,3.322800517857143
02/2020,20.890531724137933,11.96967264367816,10.292747116858239,3.5758619979310344,7.804112979310345,23.375171896551727,3.9533564655172415
02/2021,19.44973260714286,11.970587569444445,9.12871636904762,5.060714508928571,7.520651021428571,24.33857103571429,3.22968535
02/2022,18.535744785714286,11.969678680555557,8.871598640873016,8.300000014285715,7.5528870178571434,23.51571375,3.348986132142857
02/2023,19.34534282142857,11.96872873015873,9.734107232142858,4.482143040714286,8.148946489285715,22.28142801785714,3.802143157142857
02/2024,20.530115068965518,11.969759090038314,9.689405363984674,7.062068955172414,8.133226534482759,24.405516620689657,3.7785107862068967
03/1990,17.52687022580645,12.09233291218638,8.061772845878137,22.91935490967742,6.411697335483871,28.358709419354838,3.0660094258064516
03/1991,17.747367806451614,12.091246406810036,7.669679169354839,25.548387464516132,6.186702896774194,26.907096387096775,2.9574379806451616
03/1992,17.80442470967742,12.094551720430108,8.336691007168458,27.39032265483871,5.959749696774193,26.396128354838712,3.1936346935483875
03/1993,16.659195806451613,12.093512096774193,7.298011944444445,46.05806604838709,5.718863822580645,27.638709096774193,2.639827880645161
03/1994,16.95476116129032,12.09247309139785,6.736342328853047,36.00000000645161,6.281582874193549,26.465805677419354,2.5869380838709675
03/1995,17.43446496774194,12.09140141577061,8.866580806451614,24.870968183870968,5.967186145161291,27.67354758064516,3.222615541935484
03/1996,17.01631941935484,12.094696568100359,7.653360870071684,34.858063712903224,5.754749677419356,26.221935000000002,2.783595761290323
03/1997,17.788967774193548,12.093662338709677,9.039520788530465,11.951612893548386,5.6524422258064515,27.24387058064516,3.287404429032258
03/1998,18.3897744516129,12.092591541218637,8.427003055555554,36.225807483870966,5.7688308677419355,28.07999935483871,3.0353239709677418
03/1999,16.634733677419355,12.091467025089607,7.963788189964158,46.309678935483866,6.259811351612903,27.975483419354838,2.8023843548387095
03/2000,16.656306354838712,12.094784919354838,9.095956344086021,43.65161318709677,6.27106985483871,26.51225738709677,3.0172845483870967
03/2001,16.655835451612905,12.09374773297491,8.084050724014338,38.116128064516126,6.362214012903226,29.26451551612903,2.9415617806451615
03/2002,17.44508306451613,12.092681039426523,8.648901137992832,29.838709529032258,5.917363438709677,28.927741451612903,3.3455338838709676
03/2003,17.540513258064514,12.091600546594982,8.71339744623656,26.68064477419355,6.352878483870968,28.04516087096774,3.3072870129032257
03/2004,17.88352409677419,12.094929668458782,9.567933593189965,24.070967135483873,6.162494654838709,27.092902419354836,3.465279129032258
03/2005,17.39011048387097,12.093916102150539,9.782832012544803,49.34838696774194,6.2345473774193545,27.03483835483871,3.3850374870967745
03/2006,17.129088225806452,12.092847983870968,7.291156345878136,37.45161283870968,5.546202319354839,25.4206445483871,2.640281577419355
03/2007,17.33177677419355,12.091755286738351,7.394945746415771,37.11612867096774,5.634532222580646,26.094192967741936,2.8568624774193547
03/2008,16.348242,12.095125922939069,8.84705309139785,37.32258077419355,5.783154051612904,28.64903170967742,2.895827029032258
03/2009,17.368806451612905,12.094084704301075,8.116421953405018,25.929032729032254,6.096761738709678,26.15225751612903,2.883728606451613
03/2010,17.985405645161293,12.092981630824374,8.887722087813621,47.20322574193548,6.4678452516129035,29.74064464516129,3.4174105612903225
03/2011,16.839034903225805,12.09188932795699,7.619718906810037,27.603225808064515,5.7982115806451615,27.65032229032258,2.782704393548387
03/2012,17.252677129032257,12.0952395609319,7.813604341397849,23.512903190322582,5.971109741935484,28.103225258064516,2.9388912
03/2013,17.611749806451613,12.094199874551972,8.137761792114695,47.12903222580645,6.322820074193548,28.73032219354839,3.0266652096774194
03/2014,17.41779848387097,12.093098826164875,8.383402204301076,39.22903369032259,5.780596183870967,26.860644451612902,3.0111443838709677
03/2015,17.635271258064517,12.092002222222222,8.455688757168458,28.861290061290322,5.949151270967742,27.778063548387095,2.9596154483870967
03/2016,18.3916555483871,12.095381299283154,8.811834094982078,41.609677193548386,6.061063767741936,27.592257419354837,3.2147001741935486
03/2017,18.99205674193548,12.094316756272402,8.446985316308243,9.980645445161292,7.264796712903226,23.77161229032258,3.0836436387096775
03/2018,19.58594116129032,12.093207589605736,9.181652401433691,6.8193548593548385,7.809217438709678,24.015483193548384,3.403793793548387
03/2019,19.95375006451613,12.092145528673834,8.116390914874552,6.2548387,7.5263015709677425,24.294193161290323,3.351501887096774
03/2020,20.219475967741936,12.095518906810035,10.454386738351255,4.6129031709677415,7.760635348387097,25.014192806451614,3.8348498161290325
03/2021,18.818400838709675,12.094443673835126,8.144599227598567,10.84516148387097,7.750273496774193,24.73548348387097,3.2119889032258064
03/2022,18.684866000000003,12.093324193548387,8.271845218637994,15.296774062580646,7.392598016129032,23.00516064516129,3.3243171516129033
03/2023,18.717863387096777,12.092248405017921,7.995129306451613,13.000000483870968,7.988374161290323,23.550967032258065,3.339138293548387
03/2024,20.73338758064516,12.095644453405018,9.662998637992832,9.067741907741937,8.023333696774193,24.31741877419355,3.936037577419355
04/1990,17.548486033333333,12.225398361111111,6.3799032888888885,41.19666711666666,5.977291853333333,26.5559993,2.55926189
04/1991,17.40897186666667,12.224412444444445,5.927270645425925,36.820000830000005,5.561098536666666,25.415999433333333,2.5350516566666665
04/1992,17.629735966666665,12.227639777777778,5.815001024074074,47.86333316666666,5.5250252133333335,25.4519992,2.52553486
04/1993,17.2041803,12.22656786111111,5.673495871296296,35.56333326666667,5.44552223,25.42799953333333,2.436528373333333
04/1994,17.089458166666667,12.225516166666667,5.5909427879629625,40.18000093333333,5.677305663333333,25.883999533333334,2.4763457766666668
04/1995,17.7378612,12.224553194444445,6.872481311111112,36.65666663333333,6.1711513,26.90399933333333,2.6749960353333337
04/1996,17.127374966666665,12.227745898148148,6.5201776222222225,39.7933329,6.023024950000001,24.275999433333332,2.49592647
04/1997,17.365152733333332,12.226670953703705,7.541541416666666,34.57666666666667,6.100729253333333,26.963999533333332,2.8633219833333334
04/1998,18.338069066666666,12.225635296296296,5.683959851851852,53.61666666666667,6.038266943333334,27.119999733333334,2.500326333333333
04/1999,17.346333366666666,12.22464337962963,6.414828784722222,45.2033348,5.570284966666667,23.831999433333333,2.5411200166666665
04/2000,16.766055283333333,12.227831833333333,6.956165948148149,52.33666673333333,5.840374296666667,25.535999399999998,2.6506051766666667
04/2001,17.251124966666666,12.226760416666668,7.995282737037036,40.283334399999994,5.665027230000001,25.7519994,3.10175394
04/2002,17.4012639,12.225752814814815,6.799474127777779,34.50000100666667,5.519676736666667,25.691999433333333,2.6758457266666666
04/2003,17.715360766666667,12.22481224074074,7.369654275,30.969999916666666,5.60065822,25.319999466666665,2.8145456233333332
04/2004,17.646610966666668,12.227982879629629,7.663647236055556,36.2733334,5.89918265,26.723999566666667,2.9548795966666663
04/2005,17.725986066666668,12.226923416666667,6.743274705277778,48.713331260000004,6.218414326666666,26.771999400000002,2.6551145733333334
04/2006,17.35223596666667,12.225931444444445,6.318052500925926,30.386666636666668,5.599932676666667,25.463999466666667,2.60547196
04/2007,17.229735933333334,12.224961842592592,7.307315237037037,47.36999936666667,5.889833276666667,26.819999466666665,2.7160130366666664
04/2008,16.813693966666666,12.228137148148148,7.2003857388888886,39.67999947333333,5.831249836666667,26.8919995,2.7120146133333334
04/2009,17.317791333333332,12.227080324074075,7.402800648148148,41.746666303333335,5.909436510000001,26.423999499999997,2.81184592
04/2010,18.189250166666667,12.22608475925926,5.931446306481481,45.946665333333335,5.370392456666666,25.031999499999998,2.562259416666667
04/2011,17.080013533333332,12.225109787037038,6.4911574722222225,35.74666582,5.648837823333333,26.099999633333333,2.508846773333333
04/2012,16.833833066666667,12.228232185185187,6.39959862962963,33.89333276666667,5.843428196666666,27.611999466666663,2.5699392433333332
04/2013,17.677097133333334,12.227172453703703,7.768659509259259,32.36000013333334,5.920170923333333,27.1799994,2.92608182
04/2014,17.7475833,12.226189972222222,7.740493800925926,36.72333305666667,6.245241563333334,26.483999400000002,2.958718853333333
04/2015,17.574805700000002,12.225187666666667,7.416038194444444,39.72000000133333,6.158778556666666,28.21199933333333,2.906283436666667
04/2016,18.2952916,12.228324175925927,7.022762141666666,41.113334333333334,6.310777063333333,27.4799994,2.79551003
04/2017,19.793195233333332,12.22728262037037,8.559923860185187,5.646666673333333,7.899606293333333,24.107999533333334,3.50434126
04/2018,18.830278266666664,12.226306898148149,7.358748009259259,10.773333516666666,8.465660526666666,24.827999266666666,2.92284499
04/2019,19.620347733333332,12.225329351851853,7.757285787037037,11.270000171333333,7.4015934266666665,24.179999566666666,3.12034831
04/2020,19.53152856666667,12.228468907407407,7.794733376851852,10.359999808,6.591062343333333,23.123999333333334,3.159113486666667
04/2021,19.070277933333333,12.22745276851852,7.669536787037036,8.58666652,7.82296877,24.347999633333334,3.04760947
04/2022,18.805000099999997,12.226485361111111,7.7360809,12.070000116666668,7.528822263333334,23.063999366666668,3.2046133500000002
04/2023,19.163611166666666,12.225454148148149,8.198642212962962,8.913333293333332,7.746799416666666,23.663999699999998,3.4760274866666667
04/2024,20.0586118,12.22858887037037,8.11274338888889,13.029999883333334,7.157449966666666,22.031999366666664,3.539565883333333
05/1990,17.45274458064516,12.33858914874552,6.570479047491039,46.10967719032258,5.84702605483871,25.188386548387097,2.5345201967741935
05/1991,17.678416548387098,12.337830931899642,5.488872783154123,34.38064514193548,5.497246038709678,23.237418903225805,2.338880139677419
05/1992,17.51141358064516,12.34006211469534,6.176808302240143,40.225806,5.755878635483871,24.92129,2.5176442387096776
05/1993,17.581776451612903,12.339355510752688,6.574837531362006,29.980645909677417,5.757516629032258,24.712257516129032,2.5222973032258067
05/1994,17.377072387096774,12.33864340501792,5.595855768817205,35.90000041935484,5.779537883870968,24.81677374193548,2.4626794677419355
05/1995,17.49985487096774,12.33789474014337,6.9819764261648745,38.725807367741936,5.806188064516129,24.23612819354839,2.5701527096774193
05/1996,17.15973358064516,12.340130188172044,6.218019922043011,39.977418903225804,5.646390245161291,22.691612483870966,2.381853487096774
05/1997,17.478887,12.33943435483871,6.522426025985663,38.39354761290322,5.8583466193548395,26.639999225806452,2.7845949
05/1998,18.37317464516129,12.338728449820788,5.979895572939068,43.92580698064516,5.738439787096774,25.6877414516129,2.6505393193548388
05/1999,16.835338032258065,12.3379595609319,7.978798216845878,50.31612912903226,5.822716216129033,25.060644387096772,2.7307123096774193
05/2000,17.03701829032258,12.34021417562724,6.511252011648745,61.64193580645161,5.670766829032258,23.609031677419356,2.2799166516129032
05/2001,17.24582219354839,12.339522741935484,6.431390872939068,46.55161216129032,5.5774529,23.876128548387097,2.4977393258064517
05/2002,17.440647774193547,12.338806182795699,6.663493379032258,41.093549193548384,5.9730954516129025,26.070966967741935,2.6679092483870965
05/2003,17.604559580645162,12.338070089605734,7.691630825268817,40.032258832258066,6.019854587096774,26.23354780645161,2.8598110193548387
05/2004,17.610002387096774,12.340348781362009,6.825907979569893,34.97419463548387,5.755903022580645,25.002580032258063,2.6266652419354837
05/2005,17.615042806451612,12.339670994623656,7.5231561098566315,28.551612280645163,5.816914922580645,27.046450935483872,2.87876005483871
05/2006,17.555365516129033,12.338953503584229,8.456674159946237,29.570967354838707,5.9007812548387095,24.80516080645161,2.899705270967742
05/2007,17.558591419354837,12.33819311827957,6.341677551075269,39.33225885483871,5.730350835483871,24.770322193548388,2.4585630354838712
05/2008,17.006037451612904,12.340476155913978,6.602690215053763,39.46774274193549,5.412020787096774,24.88645116129032,2.4430820516129033
05/2009,17.44447829032258,12.33977489247312,7.402054462365591,32.96451660161291,5.950352722580645,26.384515419354837,2.825992319354839
05/2010,18.082381612903223,12.339021487455197,6.869405819265233,42.27741960645161,5.95953249032258,26.396128322580648,2.6434282032258065
05/2011,17.783524290322582,12.338263700716846,7.653005806451612,33.13225814193548,5.786506548387097,25.350966935483868,2.8155454612903226
05/2012,17.386414096774192,12.340534103942653,7.475686948028674,44.49354925806452,5.8817815935483875,25.64128970967742,2.711097212903226
05/2013,17.40402109677419,12.339815403225806,6.65649538530466,45.22903177419355,6.127278551612903,25.014193032258063,2.5169568612903226
05/2014,17.385674612903227,12.339064050179212,6.681104996953405,42.25161358064516,5.741582529032258,25.676128451612904,2.5064064032258067
05/2015,17.65140029032258,12.3383079390681,6.963518241039426,40.57741961290323,5.787457948387097,26.256773483870965,2.7215553322580646
05/2016,18.314236387096773,12.340604193548389,6.935666020609319,32.641935409677416,5.924063380645161,25.548386548387096,2.725985458064516
05/2017,19.364570258064518,12.33989226702509,8.837279019713261,9.700000135483872,7.565935467741935,23.318709548387098,3.0826792806451615
05/2018,18.984194064516128,12.33913858422939,7.655667025089606,7.948387122580645,7.466125900000001,22.064515645161286,2.887331435483871
05/2019,19.320753258064517,12.33842082437276,7.66465360483871,7.616129125806451,7.640497816129033,22.494192741935485,3.021361035483871
05/2020,19.703212967741937,12.340727768817205,7.87165772311828,7.754838908064516,7.651580216129032,23.620644548387094,3.1300210129032258
05/2021,19.030162,12.340010403225806,8.011271777777777,9.338709919354837,7.278047683870968,23.852902741935484,3.0235403516129034
05/2022,18.915376677419353,12.33927216845878,7.225089179211469,9.670967812903225,7.058525264516129,22.192257677419352,2.9992614096774193
05/2023,19.989099709677422,12.338550869175627,8.01997198297491,8.858064972258065,8.467266787096774,23.41161222580645,3.545156329032258
05/2024,19.830699161290323,12.340853646953406,7.4618370761648745,12.006451870967743,7.3790992935483875,22.308386774193547,3.1286454741935485
06/1990,17.517167066666666,12.395513425925925,7.053043055555556,47.86000026666667,5.55843967,23.363999333333332,2.6449798733333334
06/1991,17.6478611,12.395365398148149,5.169746212685185,42.6066672,5.462530549999999,22.691999366666668,2.325311253333333
06/1992,17.5314727,12.395772999999998,7.461740572592593,41.133332933333335,5.710425816666667,24.455999266666666,2.7885355499999998
06/1993,17.427235666666668,12.395632083333334,6.869936369444445,42.843332466666666,5.905419563333334,24.659999466666665,2.7085572966666667
06/1994,17.065846833333335,12.395469972222223,6.687355518518518,56.26666636666666,5.4691299466666665,22.9559995,2.48234259
06/1995,17.530916433333335,12.395333666666666,7.031320898148149,38.96333297,5.429199816666666,22.8479994,2.5165191466666665
06/1996,17.212166466666666,12.395748425925925,7.3577418861111115,49.736666199999995,5.701118906666666,22.89599923333333,2.56842749
06/1997,17.136472233333333,12.39561374074074,6.974328889814815,45.9333333,5.396516423333334,24.44399943333333,2.6095459966666668
06/1998,17.726680133333332,12.39546961111111,8.207927642592592,56.4733327,5.810868009999999,25.5719996,2.7924958233333332
06/1999,16.7541804,12.395350972222221,7.000667710740741,48.51000056666667,5.690108286666667,23.375999466666666,2.464805296666667
06/2000,16.884458066666667,12.395775037037037,7.862598712962963,50.9433334,5.746009326666667,24.2519994,2.5719806066666666
06/2001,16.9252909,12.395646388888888,7.968051564814815,43.9033334,5.914678376666667,24.443999366666667,2.82745425
06/2002,17.304805666666667,12.395516666666667,9.416095944444445,43.160000100000005,5.65396128,24.815999499999997,3.005527733333333
06/2003,17.118902833333333,12.395410453703704,7.300485874074074,48.953333,5.5707145633333335,23.831999266666667,2.585951956666667
06/2004,17.3277218,12.395824750000001,8.813590977777778,48.3833332,5.916997926666666,25.2839996,3.10786075
06/2005,17.6817506,12.395686222222222,8.235049428703704,39.249999323333334,5.872646223333334,24.971999666666665,2.7892905833333335
06/2006,17.200708233333334,12.39555597222222,8.468336826851852,46.616666499999994,5.8595257766666675,24.1679992,2.848456143333333
06/2007,17.283485833333334,12.395444509259258,8.775447564814815,57.670000933333334,5.535972613333333,24.443999366666667,2.7527837
06/2008,16.9154999,12.395839759259259,8.299962237037038,42.18666693333333,5.8017598066666665,24.8279996,2.7611124266666667
06/2009,17.381402433333335,12.395686675925926,6.371181965740741,37.0366654,5.724978133333334,24.11999943333333,2.6124914833333337
06/2010,17.525430866666667,12.395546055555554,8.647056986111112,49.84666583333333,6.12317102,25.0079998,2.6377400166666667
06/2011,17.435846533333333,12.395424,8.017567833333334,45.75333346666666,5.804144723333334,25.163999233333335,2.7071941466666667
06/2012,17.102860933333332,12.395796324074075,9.463251175925926,44.53333493333333,5.92451574,27.455999233333333,3.1573017833333332
06/2013,17.2955689,12.39564238888889,8.885348200000001,48.433333833333336,6.029709553333333,28.703999333333332,2.9702690133333336
06/2014,17.6575826,12.395515824074073,8.032572951851852,69.4999995,6.05912413,25.019999466666665,2.7261490333333334
06/2015,17.806333433333336,12.39540425,8.547271157407408,64.3733319,5.954271416666667,25.47599926666667,2.8887641866666667
06/2016,17.573207866666667,12.395778601851852,8.491984716666666,56.99333226666667,5.938361066666667,25.007999466666664,2.8810903533333336
06/2017,19.2222918,12.395641462962963,9.614035407407407,8.866666781333333,7.8794249333333335,23.735999633333332,3.1793077166666666
06/2018,18.846181100000003,12.395534407407407,8.632588064814815,5.9166667933333335,8.586068860000001,26.147999433333332,3.0380177066666665
06/2019,19.539583466666667,12.395441675925925,8.969369833333333,4.913333300000001,8.596621540000001,26.12399943333333,3.308431296666667
06/2020,18.96909733333333,12.39582074074074,8.299115038888889,5.639999816666667,7.715967386666667,22.895999683333333,3.0078887900000004
06/2021,18.5732647,12.395698351851852,8.02787883611111,7.19000024,6.876551129999999,23.37599968333333,2.8752997466666668
06/2022,17.9406254,12.395599564814814,8.187634703703704,13.22333372,7.188839356666667,21.50399985,2.902384456666667
06/2023,19.787639066666667,12.395493731481482,9.569443120370371,4.036666639333333,8.823404903333333,23.7839995,3.678547266666667
06/2024,19.242708733333334,12.395852296296296,8.600263059259259,12.733333776666665,7.102010186666666,21.9599999,3.127553493333333
07/1990,16.96248874193548,12.36845987455197,8.599218560035842,42.22903319354838,5.807827441935483,24.479999677419354,2.973173770967742
07/1991,17.093672064516127,12.369019999999999,7.446246069354839,51.86451558064517,5.500710629032258,23.31870893548387,2.6301244483870967
07/1992,16.66403435483871,12.367327956989246,7.745389463261649,54.935481967741936,5.646348838709677,24.375483258064516,2.785777170967742
07/1993,16.9692094516129,12.367821998207885,8.447608360215053,47.96774364516129,5.931807493548387,26.047741161290322,2.943660925806452
07/1994,17.058255096774197,12.368361012544803,8.67052600358423,54.067742903225806,5.884944787096774,26.44257993548387,2.931538622580645
07/1995,16.889975451612905,12.368905815412186,8.497981666666666,52.254837645161295,5.741922793548387,24.329031806451614,2.6856811612903226
07/1996,16.87828201612903,12.367208440860216,8.792213241039425,42.4612900516129,5.776104506451613,23.214192967741937,2.8589677032258063
07/1997,17.829088322580645,12.367729856630824,8.400231179211469,57.64516208709678,5.809982025806452,24.294192999999996,3.0764140612903224
07/1998,17.259599387096774,12.368281836917562,8.563482263440859,57.77741896774193,5.5887323870967744,23.969031677419355,2.7809852935483867
07/1999,16.716991838709678,12.36884474910394,10.124687356630824,51.996774548387094,5.844160274193548,25.769031709677417,3.1034612419354835
07/2000,16.76101093548387,12.367149390681003,8.80202799283154,42.66774141935484,5.700817012903226,24.72387035483871,2.862363648387097
07/2001,16.82734148387097,12.367681863799284,8.747413391577062,46.34193495483871,5.5211658258064515,24.747096322580646,2.8883515612903223
07/2002,17.389034548387098,12.368260922939067,8.74887087562724,50.73870996774193,5.624386403225806,24.747096322580646,2.9481446645161293
07/2003,17.184935161290323,12.368810716845879,9.563378691756272,49.3032271032258,6.0360100290322585,25.664515483870968,3.1461126290322583
07/2004,16.716185048387096,12.367104301075269,9.104197855734766,46.54193551612904,5.889893619354838,25.35096712903226,2.946275480645161
07/2005,17.299115483870967,12.36764041218638,9.747716362007168,42.732258558064515,6.243052603225807,27.53419293548387,3.3242174645161287
07/2006,17.26685716129032,12.368189811827957,7.796742847939068,50.29677412903226,6.143803180645161,24.32903158064516,2.771921158064516
07/2007,16.97707206451613,12.368717571684588,9.43509270609319,39.909677096774196,6.189425490322581,26.105806032258066,3.1096567612903225
07/2008,16.835338806451613,12.366991765232974,8.425060255376344,45.69354896774193,5.814602038709677,25.17677367741935,2.7029742290322583
07/2009,17.338160774193547,12.367524596774194,9.371081012544803,57.84838774193548,5.799899077419355,25.74580580645161,3.033531558064516
07/2010,17.028551419354837,12.368085080645162,7.7296213646953404,46.48709758064516,5.657262635483871,24.80516070967742,2.5681870451612903
07/2011,17.07149422580645,12.368595905017921,8.98124664874552,49.516129387096775,5.942446593548388,25.176773806451614,2.9353217032258065
07/2012,17.254626193548386,12.366871505376345,9.165538799283153,47.032259290322585,5.944411683870968,25.78064441935484,3.1481365096774194
07/2013,17.128617806451615,12.367427652329749,9.479070349462365,53.5774199032258,5.543642012903226,24.491612387096772,3.069343606451613
07/2014,17.745418806451614,12.367978297491039,9.369913718637992,54.519353290322584,5.740222790322581,24.73548341935484,3.1108421096774195
07/2015,17.49951893548387,12.368498790322581,7.142096573476702,59.92903090322581,5.649205825806452,24.108386677419357,2.718598480645161
07/2016,17.276198548387097,12.36679155017921,8.435014018817204,57.20645219354839,5.845833470967742,24.340644838709675,2.8089044258064515
07/2017,19.22525564516129,12.367358629032259,9.619171012544804,4.4935484241935475,9.378994948387097,29.090322032258065,3.2600596225806453
07/2018,18.89393835483871,12.367924023297492,9.090727768817205,5.335483898387097,9.393232451612903,27.046450741935484,3.3030982935483872
07/2019,19.210403258064517,12.368435645161291,9.560838306451613,4.91290329,8.966539635483871,24.74709629032258,3.4942358806451614
07/2020,18.67780961290323,12.366738575268817,9.068692911648744,6.60000019483871,7.2863009,24.01548370967742,3.083018193548387
07/2021,18.963495096774192,12.36732724014337,9.254538001792115,5.170967556129032,8.175717916129033,27.104515193548387,3.26304505483871
07/2022,18.51544374193548,12.367871899641576,9.26066646953405,8.035483888709678,8.192894477419355,22.807741419354837,3.230079122580645
07/2023,19.887218064516127,12.368380752688171,10.168862804659499,5.09354847548387,8.29185819032258,23.063225225806452,3.7598981322580642
07/2024,19.709530451612903,12.36668208781362,10.12106123655914,4.577419201612903,8.432338674193549,22.99354793548387,3.700724670967742
08/1990,17.09004277419355,12.27086156810036,9.030059086021504,49.39032164516129,6.4036672645161286,27.174192967741938,3.088299948387097
08/1991,16.992731000000003,12.271755017921146,9.11507221326165,59.76451570967742,6.04465815483871,24.793547548387096,3.0288030258064516
08/1992,16.96376612903226,12.26883835125448,8.085557258960574,49.103225838709676,6.001047361290323,25.50193493548387,2.9677111903225804
08/1993,17.21282522580645,12.269798413978494,9.078237903225807,45.97419357096774,6.251989532258064,26.790967193548386,3.2225007548387095
08/1994,16.879895,12.270718440860215,8.875306666666667,54.56128932258065,6.361975980645161,26.698063612903223,3.046433264516129
08/1995,17.039505064516128,12.271616379928316,9.238661699820788,43.88064464516129,6.197090116129032,26.070967129032258,3.012806874193548
08/1996,16.800660903225804,12.268716308243727,8.512818602150539,43.712902935483875,6.038872196774194,24.805160838709675,3.024799622580645
08/1997,17.512959096774196,12.269694955197131,9.059391541218638,40.874193806451615,6.466865070967742,26.50064435483871,3.247249148387097
08/1998,17.167596483870966,12.270589784946237,9.305894731182795,57.08387132258064,6.645083038709678,27.510967064516127,3.0320465129032255
08/1999,16.871360161290323,12.27150775985663,9.123520535842294,44.122581000000004,6.109855219354839,25.19999958064516,2.985341125806452
08/2000,16.704357096774192,12.268624023297491,9.766166836917561,52.9290330967742,6.436033077419355,27.650322,3.1568023387096775
08/2001,17.421226387096773,12.269575098566309,10.361017186379927,46.90000158064517,6.141465932258065,26.825805967741935,3.555399035483871
08/2002,17.284800935483872,12.27047840501792,9.25550479390681,42.593549161290326,6.537237012903226,27.33677387096774,3.270428167741936
08/2003,17.306239387096774,12.271396326164874,9.034769838709677,40.96774093548387,6.169330693548387,26.965160967741934,3.156106564516129
08/2004,17.242999677419355,12.268512258064517,9.933082652329748,48.42580670967742,6.504412280645162,26.198709483870967,3.3925456516129033
08/2005,17.185271225806453,12.269464578853047,9.006575967741934,41.18387070967742,6.358415761290323,25.37419322580645,3.1019978451612906
08/2006,17.407449064516133,12.270337320788531,10.094387401433691,43.34838722580645,6.543594258064517,27.66193470967742,3.4853479677419354
08/2007,16.95845670967742,12.271260896057347,9.25617079749104,48.73871083870968,5.840702903225806,25.838709225806454,3.035574941935484
08/2008,16.770620774193546,12.268367956989248,8.906917634408602,45.98709535483871,6.097007509677419,26.00128964516129,2.857782770967742
08/2009,17.358054032258067,12.269275456989247,8.369099612007169,53.54516167741936,6.0021742451612905,26.279999483870967,2.9464071967741936
08/2010,17.171091354838712,12.270160376344087,9.43265059139785,51.180643354838715,5.953583938709677,26.44257987096774,2.9642856548387093
08/2011,17.171628741935486,12.271093288530464,9.554846654121864,40.39677506451613,5.983137603225806,26.38451564516129,3.260894235483871
08/2012,17.055163741935484,12.268203369175628,9.728611991039427,51.14516138709678,6.531663887096775,27.15096706451613,3.2884562032258065
08/2013,17.14199164516129,12.269133163082437,8.416499512544803,50.48064429032258,6.084126958064515,26.45419306451613,2.933368448387097
08/2014,17.13896725806452,12.270019811827957,9.59163152903226,57.13870970967742,6.148211283870968,26.442580451612905,3.198431970967742
08/2015,17.67088977419355,12.270989068100357,8.556461424731182,57.03548535483871,5.982557232258065,25.04903187096774,3.0174777193548388
08/2016,17.46867177419355,12.268112275985663,9.390927401433693,51.09999987096774,6.5490355838709675,28.63741858064516,3.322952125806452
08/2017,19.275322677419354,12.269016594982078,9.90021365591398,4.906451522580645,8.894630925806451,24.73548335483871,3.4513462967741932
08/2018,19.340444258064515,12.26992655017921,10.198295949820787,4.338709532258065,9.946831841935484,27.37161222580645,3.924000819354839
08/2019,20.722836322580644,12.270891657706093,10.611332643369176,1.4193548580645161,10.185481025806451,31.319999387096775,4.354621196774193
08/2020,19.18036335483871,12.26798696236559,8.868009851254481,9.941935458064515,7.889541741935484,24.851612499999998,3.3830032516129034
08/2021,18.722769483870966,12.268894892473117,8.884826801075269,8.764516074193548,7.777043509677419,25.94322535483871,3.1573801483870967
08/2022,18.59447651612903,12.269789641577061,9.328254928315411,6.861290331935485,8.06092535483871,23.539354258064513,3.491897664516129
08/2023,19.860269645161292,12.270767589605734,9.685833712365591,8.403225877419354,9.060670529032258,24.410322064516127,3.8240905806451613
08/2024,19.60213758064516,12.267853718637992,9.830009157706094,6.912903241935484,8.11460630967742,23.260644677419354,3.8319147290322584
09/1990,17.0374438,12.143312657407408,8.806363601851851,41.453334033333334,6.821886533333333,27.431999233333332,3.2149171933333336
09/1991,17.04272226666667,12.144416453703704,7.711901574074074,42.81000072,6.226338546666667,26.243999733333332,2.8440244366666665
09/1992,16.7006386,12.141115157407407,8.36927147962963,40.526666533333334,6.30293974,27.731999499999997,2.9590607933333333
09/1993,16.817513866666665,12.142117824074074,6.90864007037037,40.7799999,6.091519723333334,24.623999599999998,2.6586055466666663
09/1994,17.256332766666667,12.143198037037036,7.15504047962963,40.653333133333334,6.408100143333333,25.679999433333332,2.8609670566666665
09/1995,17.102861033333333,12.144298694444444,8.386655755555555,40.743333033333336,6.359824756666667,25.271999466666667,2.8278661933333336
09/1996,17.179666866666665,12.140975907407407,8.177338398148148,41.79333368,6.1708017066666665,26.663999466666667,3.0641175633333333
09/1997,17.388485666666668,12.142006916666666,6.00594945,42.779999573333335,5.657350973333333,25.079999466666667,2.5775570400000003
09/1998,17.19480533333333,12.143080083333333,9.066696009259259,48.970000033333335,6.51793671,27.623999366666666,3.0839569533333333
09/1999,16.383208500000002,12.144179740740741,7.444081864814815,43.09333316666667,6.199366909999999,25.89599923333333,2.6211706433333335
09/2000,16.567652483333333,12.140857657407407,7.8327639444444435,45.43999941333333,6.434404756666667,26.83199953333333,2.810152023333333
09/2001,16.680638366666667,12.141876907407408,8.47848962962963,46.79666723333333,6.39127322,27.611999433333335,2.9460087766666665
09/2002,17.110846733333336,12.142967814814815,8.511989719444445,35.92666586666667,6.4215663833333325,27.61199943333333,3.1768122933333336
09/2003,17.160013433333333,12.144044916666667,8.140683983333334,37.006666233333334,6.35321513,26.855999366666666,3.052715046666667
09/2004,16.996264033333333,12.140697435185185,8.492665823148148,36.0533321,5.95220229,26.603999499999997,3.1023854233333332
09/2005,17.254597266666668,12.141741055555554,9.535169083333333,36.076668166666664,6.852621596666666,30.167999633333334,3.350611723333333
09/2006,16.93279173333333,12.142811287037038,9.554742842592592,43.3333335,6.619494840000001,27.839999499999998,3.3765770533333335
09/2007,16.9692498,12.143870314814816,9.424670055555556,39.6000001,6.67890476,27.43199943333333,3.3034791066666664
09/2008,16.8839721,12.140528407407407,8.406417452777777,36.66000016666667,6.586781383333333,27.779999566666667,3.0346901033333333
09/2009,17.5602224,12.14156461111111,8.93512143611111,38.29666713333334,6.340495006666667,26.9519994,3.3128093633333333
09/2010,17.105707866666666,12.14265938888889,7.641145111111111,36.01999997666667,6.006331383333333,27.167999466666668,2.8056092699999997
09/2011,17.021263466666667,12.143714416666665,9.269635342592592,41.74999953333334,6.749040993333334,27.971999266666668,3.21900844
09/2012,17.116819133333333,12.140373953703705,8.994327111111112,35.63666636666667,6.69963175,27.659999533333334,3.242457496666667
09/2013,17.158485699999996,12.141451833333333,8.724398101851852,46.4299993,6.214729116666667,27.131999266666664,3.0646065733333336
09/2014,17.100985666666666,12.142529092592593,8.436116141666666,40.1166657,6.231603626666667,27.479999366666668,3.0653339466666667
09/2015,17.862791,12.14357812037037,8.443268111111111,39.179999433333336,6.5506732633333336,26.5559994,3.2980049
09/2016,17.083902566666666,12.140265935185186,8.342238444444444,46.1766669,6.284086913333334,27.275999266666666,3.022429213333333
09/2017,19.3929862,12.141337611111112,8.88609325925926,7.073333496666667,8.44047985,24.011999499999998,3.366877973333333
09/2018,19.2625004,12.142429092592591,9.347597703703704,7.180000208,8.19462472,24.767999266666667,3.5818768800000003
09/2019,20.272917399999997,12.143461833333333,9.330251453703704,3.826666668,9.729364010000001,29.831999366666665,3.8532259
09/2020,18.929166666666667,12.140134962962964,9.691376194444445,7.1333331646666664,7.94728426,24.37199946666667,3.5199347666666667
09/2021,18.810556166666668,12.14122574074074,9.344602441666666,7.596666764666667,8.026194389999999,25.727999533333332,3.5034921066666667
09/2022,18.605903166666668,12.14227524074074,9.663429666666667,7.420000118333333,8.080782083333334,23.4959994,3.6818547
09/2023,20.119167366666666,12.143292518518518,10.154492018518518,8.363333407999999,9.560810636666668,25.667999366666667,4.077461216666666
09/2024,20.50854233333333,12.139980407407409,10.202823324074075,4.0333334,9.669045023333332,26.243999466666665,4.06746958
10/1990,17.20294619354839,12.012967275985662,7.147369832437276,30.829031329032258,6.4532367096774195,26.477418870967742,2.649694035483871
10/1991,16.807717306451615,12.013918234767024,7.851233145161291,26.680645983870967,6.1068994483870975,25.931612451612903,2.8814616677419354
10/1992,16.75630580645161,12.010863655913978,7.106168017025089,31.274193548387096,5.924750487096775,25.13032193548387,2.7108239967741934
10/1993,16.96201864516129,12.011877948028673,7.731504229390681,36.46451614516129,6.159499464516129,26.268386741935483,2.7342817225806453
10/1994,16.958994338709676,12.012856962365593,7.3315705905017925,24.561290180645162,6.220366380645162,25.25806406451613,2.7313873451612904
10/1995,17.088967645161294,12.013837016129033,6.368036371146953,27.78709676129032,5.908917119354839,24.70064464516129,2.5285961354838706
10/1996,17.02707219354839,12.01078853046595,8.119639216129032,37.0129043516129,6.472889022580644,27.046450838709678,2.8464314064516127
10/1997,17.536817387096775,12.011809193548387,8.318438302867383,36.22580661451613,6.331302222580645,27.162579935483873,2.992176051612903
10/1998,17.42001606451613,12.012754148745518,8.149726482078853,40.53225812258065,6.268119796774193,26.361289741935483,2.7930769741935486
10/1999,16.626198903225806,12.013729543010752,7.558515258333333,34.50645146774194,6.052569041935484,25.44387051612903,2.6663206258064513
10/2000,16.842932709677417,12.01069033154122,6.724921173566308,33.722580745161295,5.988303038709677,25.00258016129032,2.525449983870968
10/2001,17.285473,12.011665546594983,7.072462710573477,27.709677825806452,6.25873655483871,25.989676838709677,2.786925212903226
10/2002,17.05334935483871,12.012603037634408,7.507416529569893,32.641934806451616,6.304501832258064,27.60387070967742,2.8591066612903226
10/2003,17.284263838709677,12.013586487455196,6.81782211469534,27.6838702,6.204970658064516,26.54709651612903,2.6119735612903225
10/2004,16.98587570967742,12.010534919354837,7.851549300179212,32.04516115483871,6.008923187096774,25.72258019354839,2.7068927290322584
10/2005,17.091991838709678,12.011522078853046,7.565224642473118,29.161289738709677,6.338072838709677,27.27870858064516,2.7452760806451613
10/2006,17.127879354838708,12.012459014336917,7.402255301971326,36.551612645161285,5.6129540387096775,25.722580225806453,2.7687492322580645
10/2007,16.746897677419355,12.013456155913978,7.2805147625448035,33.290322409032264,6.233387703225807,26.83741893548387,2.5669213258064514
10/2008,16.858255225806452,12.01041559139785,9.057701021505375,39.606452741935485,6.4663554387096775,26.89548329032258,2.9807147161290324
10/2009,17.545553322580645,12.011359220430107,7.184942743727598,29.42258207419355,6.135254077419354,26.372902999999997,2.820314432258064
10/2010,16.95697829032258,12.012306863799283,7.479372796057347,31.251612774193546,6.393231838709678,26.25677356451613,2.702131316129032
10/2011,16.74555312903226,12.013331792114695,6.106789428315412,32.909677506451615,5.822580648387096,24.805160516129032,2.37139844516129
10/2012,16.982314322580645,12.010288172043012,7.6311413456093184,29.319355087096778,6.234484516129033,26.51225758064516,2.726275427419355
10/2013,16.923980903225807,12.011257159498207,7.593125019713262,42.39032312903226,5.916465764516128,26.059354,2.822224767741935
10/2014,17.171897612903226,12.012211872759856,7.048815612007168,28.56451592580645,6.00936375483871,26.024515967741937,2.645328780645161
10/2015,17.749653193548387,12.013244516129031,7.67484169623656,36.87419432258065,5.592780299999999,25.559999548387097,2.7438181483870965
10/2016,17.532045935483872,12.01020767921147,7.44793517562724,36.28064628709677,6.068406629032259,25.78064448387097,2.620003161290323
10/2017,19.10899258064516,12.011142930107528,7.864866018727599,7.596774183870967,7.936177896774193,24.51483809677419,3.112821129032258
10/2018,19.08190977419355,12.012116738351255,8.693795528673835,8.758064696774193,8.482946474193549,24.758709161290323,3.2631139870967742
10/2019,18.942258516129034,12.013151998207885,9.286347455197133,10.170967704516128,7.722023783870968,24.375483258064516,3.4773343193548385
10/2020,19.12122312903226,12.01006783154122,8.451596550179211,7.132257948387097,8.34067654516129,25.17677380645161,3.320481270967742
10/2021,18.746492967741933,12.011001621863798,8.429742643369176,12.27419363548387,7.606664993548387,24.468386612903227,3.1987109129032256
10/2022,18.475927935483874,12.011965430107526,7.877800266129032,18.1290319516129,8.546774951612903,23.539354225806452,3.1986906032258067
10/2023,19.41900570967742,12.013000322580645,8.189746621863799,11.741935470967743,8.765595800000002,24.816773677419356,3.3346854032258064
10/2024,19.46154587096774,12.00992079749104,8.616420152329749,10.961290478709676,8.127160187096774,23.44645116129032,3.4752577903225808
11/1990,17.492722233333332,11.903055935185186,7.056848480555556,32.36333368333333,5.890480793333333,24.563999566666666,2.4122568033333334
11/1991,16.833138333333334,11.903818731481483,5.648876989814815,31.790000143333334,5.5953148,24.455999533333333,2.1803307233333333
11/1992,16.871888333333334,11.901597435185185,7.071322988888889,20.09333324,5.6934491666666664,25.0679995,2.539932616666667
11/1993,16.846125216666668,11.902259916666667,6.929931638888889,29.226666889999997,5.70253907,25.031999366666664,2.377484336666667
11/1994,16.788693866666666,11.903009444444445,6.222385925925925,33.93999942333333,5.8670094,25.04399953333333,2.2411402666666667
11/1995,16.789110733333334,11.903781805555555,7.07525090425926,38.316666966666666,5.654650163333333,24.51599966666667,2.3155211433333336
11/1996,16.854249633333332,11.901541342592592,7.877042648148148,28.423332113333334,6.151793966666667,24.503999533333335,2.6850469033333337
11/1997,17.163833083333333,11.902220296296296,6.022868378703704,32.563332726666665,5.63741168,24.575999433333333,2.3362231600000003
11/1998,16.9596667,11.902963953703704,6.446540027777777,40.33999981666667,5.92870551,24.431999466666664,2.153605714333333
11/1999,16.75244385,11.903704620370371,7.480368899074074,28.736666856666666,6.068036663333333,26.003999500000003,2.3792250966666666
11/2000,16.9218194,11.901454898148149,8.240956386481482,33.54666636666666,6.372386043333334,26.099999533333335,2.5818567900000002
11/2001,16.92230513333333,11.902126064814814,7.41252912037037,42.78666655333333,6.24971253,25.655999599999998,2.45871566
11/2002,16.847791433333335,11.902870064814815,8.463353994444445,37.87999947666666,6.050151283333333,26.231999499999997,2.6636198933333333
11/2003,16.9986246,11.903591138888888,6.692385837962963,39.386666633333334,5.967245816666667,25.5359995,2.4714675833333333
11/2004,17.115291766666665,11.901313981481481,7.734178666888889,31.113333203333337,6.029192416666667,25.547999466666667,2.5034168966666663
11/2005,17.087374766666667,11.902006037037037,6.524255871296296,33.59333352666667,5.67928325,25.883999633333335,2.3180130300000004
11/2006,16.818625066666666,11.902760694444446,7.142357910185185,32.66666576666667,5.928525976666666,25.6439993,2.43663683
11/2007,16.819041600000002,11.903476027777778,8.063188174074075,40.29999973333334,5.92371239,25.043999433333333,2.4378213766666668
11/2008,16.9892495,11.901230657407407,6.899896366666667,33.95666708666667,5.59159498,24.611999333333333,2.36157213
11/2009,17.285361,11.901938805555554,7.398771063888889,32.62000086,5.960704649999999,25.475999466666668,2.48401231
11/2010,16.5923055,11.902700324074074,5.931168048148148,43.533332703333336,5.892202966666667,24.635999233333333,2.1286982966666668
11/2011,16.9126525,11.903410592592593,6.712528970185185,24.356666793333332,5.754213916666667,25.103999666666667,2.313467826666667
11/2012,17.170500066666666,11.901162675925924,7.830276922222223,40.5633336,5.859915833333333,25.499999433333333,2.6085634766666668
11/2013,16.930221833333334,11.901901222222222,7.363094587037037,32.36333280666667,5.87481883,25.547999466666667,2.4789812466666663
11/2014,17.145083399999997,11.90265512962963,7.88863118888889,29.020000456666665,5.848615003333333,24.959999433333333,2.6449434466666664
11/2015,17.617305333333334,11.903339555555556,7.087155619722222,31.699999746666666,5.56676735,25.043999799999998,2.487292296666667
11/2016,17.711610800000003,11.901106296296296,8.052575227777778,24.206666496666667,6.00539463,26.099999466666663,2.78213042
11/2017,18.920903333333335,11.901834990740742,8.20335386175926,11.160000233333333,7.864440726666667,23.243999133333332,2.9132733366666668
11/2018,19.074167266666667,11.90257848148148,7.961187092592593,9.123333296666665,8.107853596666667,23.819999433333333,2.90880587
11/2019,19.176667333333334,11.903255962962962,8.453350246296297,7.656666793333333,7.865519223333333,23.0879994,3.1587018266666664
11/2020,19.047014366666666,11.90101687962963,8.708825133333333,7.2866669250000005,7.75053779,23.4359994,3.1932226600000004
11/2021,18.331250633333333,11.901754898148148,8.407234298148149,14.769999953333333,7.40169498,21.6839997,2.9940874799999997
11/2022,18.405972533333333,11.902464601851852,8.112238194444444,11.196666599999999,8.40125014,23.8799997,3.0762854533333335
11/2023,19.283125633333334,11.903117324074076,8.628374353703704,12.6400001,7.23917103,22.919999233333332,3.1745064666666662
11/2024,18.891320133333334,11.900903731481483,7.540378727777778,12.93333329,8.025341673333333,23.9519994,2.86232485
12/1990,16.996696193548388,11.847921191756273,7.827829289426523,24.80322494516129,5.539071519354839,24.758709,2.595554083870968
12/1991,17.051064,11.848037849462365,7.525731352150538,17.870967869032256,5.507163461290323,24.514837806451613,2.4146292516129035
12/1992,17.074115161290322,11.847644847670251,8.40056762544803,19.080644970967743,6.199694251612903,25.107096193548387,2.5380870677419356
12/1993,17.070889612903226,11.847808709677418,7.780135940860215,41.85161178387097,6.014825574193548,24.178064,2.3841686632258066
12/1994,17.18224735483871,11.847951935483872,8.384876801075269,29.52258048387097,5.540278332258064,24.17806383870968,2.5876852193548388
12/1995,16.73560716129032,11.848060689964157,8.303967345878137,38.64193511290323,5.720050535483871,24.247741548387097,2.4358649741935485
12/1996,16.739169387096776,11.847670681003585,8.124328216845878,23.741934677419355,6.026604464516129,23.667096096774195,2.615604461290322
12/1997,17.771763419354837,11.847824919354839,9.992972455197132,29.758064761290324,6.07734375483871,25.165160741935484,3.274972412903226
12/1998,17.00610441935484,11.84794577060932,8.509814811827956,30.112903603225806,5.975705512903226,25.211612322580645,2.500944687096774
12/1999,16.617328193548385,11.848036998207885,7.971060673476702,43.36129035483871,6.4847785774193545,25.211612258064516,2.2316950290322577
12/2000,16.694343870967742,11.847648629032259,8.332925718637991,27.690322841935487,5.974557280645161,24.526451064516127,2.5825446322580645
12/2001,17.490043032258065,11.847787329749105,8.047415613799282,24.174194041935483,6.100009122580645,25.501934774193547,2.5835248903225807
12/2002,17.401467677419355,11.84789188172043,8.298130074372759,26.561289677419357,5.560079577419354,23.87612864516129,2.6710248161290324
12/2003,17.04105129032258,11.847984534050179,8.19004996953405,27.858064212903223,5.608187580645161,24.259354258064516,2.575250635483871
12/2004,16.950594322580645,11.847612921146952,8.148425531182797,24.948387088709676,5.986647783870968,25.17677387096774,2.606493422580645
12/2005,16.660271193548386,11.847753082437276,9.09121038530466,40.0258065483871,6.143609509677419,25.490322193548387,2.618681448387097
12/2006,17.043873193548386,11.847857759856632,7.4758107473118285,39.45806570967742,5.725814167741936,24.433548,2.427494932258065
12/2007,16.57881970967742,11.847961146953406,8.176334758960573,34.91612822580645,5.646039441935484,24.584515806451613,2.407534151612903
12/2008,16.64904806451613,11.847614112903226,8.978424668458782,34.099999548387096,5.966499912903226,25.501935,2.426696277419355
12/2009,17.272435290322584,11.847757329749104,8.46273777329749,30.309677648387098,5.73144336451613,23.980644612903227,2.570825835483871
12/2010,16.458792580645163,11.847867849462366,6.929927589605735,46.18064548387097,5.643403270967743,24.09677322580645,2.2038944912903227
12/2011,16.839101967741936,11.847989184587814,7.707603682795699,35.1387104516129,5.706580151612903,23.690322000000002,2.288634635483871
12/2012,16.94420964516129,11.847654677419355,8.68640208781362,30.506451841935483,5.8990976161290325,25.049031806451612,2.700619764516129
12/2013,17.194209419354838,11.847786836917564,7.903442296594982,31.60322585483871,5.688602732258064,24.236128322580644,2.5101627
12/2014,17.261010548387095,11.847885430107526,9.126856810035843,28.37741897096774,6.148690370967741,25.989676967741936,2.9305897548387096
12/2015,18.136211774193548,11.84800494623656,8.866039247311829,20.39677448387097,5.787611090322581,24.212902354838707,2.9390477419354837
12/2016,17.234196451612902,11.8476658781362,8.645355053763442,40.46774216774194,6.335766970967742,25.780644774193547,2.679827929032258
12/2017,19.15166712903226,11.847775734767025,9.067277105734767,5.870967728709677,7.534163080645161,21.867096225806453,3.0065194741935484
12/2018,19.299986903225804,11.847858879928316,9.93088064516129,5.264516259354839,7.644387203225807,21.507096483870967,3.375284148387097
12/2019,19.266922451612903,11.847976021505376,8.914283138888889,7.870967825806451,7.665555232258065,23.725160838709677,3.059686206451613
12/2020,18.68264819354839,11.847626209677419,9.509941639784946,6.945161425806451,7.376716796774193,22.517419032258065,3.1165005645161292
12/2021,18.66645270967742,11.847723019713262,8.952912777777778,6.7290323238709675,6.638387764516129,20.70580629032258,3.0593634870967743
12/2022,18.216182967741936,11.847808306451613,9.631382482078852,8.638709570967743,7.816939138709677,22.958709193548387,3.3215579419354837
12/2023,19.71047064516129,11.847941747311829,8.10100809767025,10.045161293548388,7.266128974193548,21.588386483870966,3.160428367741935
12/2024,19.337284967741933,11.84759896953405,9.006330277777776,14.048387841935485,7.711627958064517,23.26064487096774,3.05558184516129
