Date,Honduras_temperature_2m_mean,Honduras_daylight_duration,Honduras_sunshine_duration,Honduras_precipitation_sum,Honduras_wind_speed_10m_max,Honduras_wind_gusts_10m_max,Honduras_et0_fao_evapotranspiration
01/1990,22.378282000000002,11.379130734767026,9.65050103046595,1.935483914516129,10.069539374193548,31.134193225806452,3.3200750741935487
01/1991,22.707448612903228,11.377271998207886,9.56528284050179,2.690322669032258,8.518448893548387,26.442580096774194,3.451695222580645
01/1992,22.502139677419354,11.375592437275985,9.483368691756272,1.4645161480645164,9.70806365483871,27.73161235483871,3.510959322580645
01/1993,21.96228712903226,11.38119120967742,9.110004695340502,1.6677419787096774,10.173634735483871,29.032257612903226,3.2986300322580644
01/1994,21.78533848387097,11.3794611827957,8.620027795698926,2.432258059354839,9.484728661290323,28.846451096774192,3.110055109677419
01/1995,22.576130806451612,11.37762605734767,9.093460205197132,2.60322589516129,10.672573816129033,30.83225748387097,3.5466658483870965
01/1996,20.16195122580645,11.375931711469535,8.018613176523298,2.335483925806452,10.251656529032257,29.62451535483871,2.9045014096774193
01/1997,21.480969951612902,11.381497365591397,8.61714301971326,3.693548322580645,9.784165758064516,29.067095967741935,3.0162672019354835
01/1998,23.320553322580643,11.379626810035843,9.219268127240143,1.545161291935484,10.473738251612904,31.738063612903225,3.627402441935484
01/1999,21.110270870967742,11.377734032258065,7.008075261379928,2.7548387903225806,9.541131132258064,28.799999483870966,2.7282031412903227
01/2000,20.355297806451613,11.376087392473117,9.038007840501791,1.8290322887096775,10.192965641935483,30.43741864516129,3.1121283322580644
01/2001,19.318738532258063,11.38160597670251,6.657300520967742,2.403225851290322,10.052936309677419,30.704515774193545,2.513928338387097
01/2002,21.186413516129033,11.379720725806452,8.47200364453405,1.9354838580645162,10.25086779032258,30.867096129032255,3.050112383870968
01/2003,18.564236548387097,11.37787260752688,4.911343299614695,2.358064570967742,10.918609612903227,32.17935416129032,1.9914263341935483
01/2004,20.806507870967742,11.376217867383513,8.535117969534049,1.7645161338709678,9.914502312903226,30.21677358064516,2.9551502387096775
01/2005,19.67263674193548,11.381766066308243,7.9863333602150535,1.9677418967741935,10.954854048387098,32.79483816129032,2.8582819612903223
01/2006,20.61114456451613,11.379884130824374,7.838213089426524,3.2451612548387097,9.804957970967742,31.761289483870968,2.6704539116129036
01/2007,22.572031774193547,11.378105430107528,9.274303950358423,2.0483871838709677,9.913425716129032,31.42451541935484,3.3230126858064515
01/2008,21.739975322580648,11.376549686379928,8.422622213261649,3.293548417419355,10.175243,31.44774141935484,3.0105135483870966
01/2009,21.318403677419354,11.382034767025088,8.766567562724013,2.4387097629032257,10.060285374193548,30.228387032258063,3.1348765741935485
01/2010,20.657851451612906,11.38015025985663,6.952259695340501,1.9645161251612904,10.764026741935483,31.25032212903226,2.9078920854838706
01/2011,22.539975516129033,11.378424023297491,8.66729476971326,2.5645159983870967,10.208784677419356,30.646451032258064,3.313553795483871
01/2012,22.030096258064518,11.376854014336917,9.293747930107527,3.2741935290322584,9.945553332258063,31.621934741935483,3.1494317870967743
01/2013,21.469814451612905,11.38234417562724,7.30353107750896,1.6677419641935483,9.509296670967741,29.787096258064516,2.821156177419355
01/2014,19.97875193548387,11.380446854838711,6.75000807921147,2.5290322951612905,10.201179241935485,29.926451290322582,2.5009485009677417
01/2015,20.68285166129032,11.37872726702509,7.706216408602151,2.845161336774194,10.369860970967743,33.189676709677414,2.6003092506451613
01/2016,21.92391412903226,11.37715667562724,8.35051239874552,1.4354839225806453,9.9889785,28.416773967741936,3.1520980258064517
01/2017,22.810783903225808,11.382533100358424,9.345993530465948,0.40000001451612904,19.22958677419355,50.318708354838705,3.9963188806451613
01/2018,20.410851322580648,11.380646863799281,6.310746780385305,0.5516129048387097,20.85775235483871,52.78064370967742,2.658798190322581
01/2019,22.074292096774194,11.378950062724014,9.660808019713262,1.067741904516129,19.24218535483871,49.319998677419356,3.6378975032258065
01/2020,22.93275983870968,11.377294166666667,9.653165725806451,1.3032258080645163,18.036918387096772,46.52128877419355,3.7105380935483874
01/2021,22.032356290322582,11.382617141577061,9.500464372759856,1.6193548532258066,17.517101370967744,43.82709590322581,3.2705171741935484
01/2022,22.744990838709676,11.380701568100358,9.580603754480288,1.0806451193548388,18.03977377419355,45.65032167741935,3.8534079870967743
01/2023,22.75984264516129,11.379027912186379,9.859677755376344,0.6870967754838709,17.38651083870968,42.805160161290324,4.020593458064516
01/2024,24.302854193548384,11.377427885304659,9.81795056451613,0.5516128593548387,18.477928193548387,44.01290229032258,4.283265280645161
02/1990,23.16658592857143,11.671933511904763,8.812549106150794,1.2107143232142856,10.732203717857143,30.805713821428572,3.872698846428571
02/1991,21.903862285714286,11.669154990079365,9.77244197718254,0.9750000428571429,11.091080239285715,33.004285214285716,4.0203511107142855
02/1992,23.498243931034484,11.672676264367816,9.10936466091954,0.7103448117241379,10.322293603448276,29.842758068965516,3.995295082758621
02/1993,23.452225964285713,11.675414484126986,9.788139831349207,1.703571467857143,11.389394589285715,32.27142792857143,4.130451967857143
02/1994,23.184889285714288,11.672432688492064,10.202900625,1.4857143035714286,10.796749,32.05285660714286,4.070184903571429
02/1995,22.052969785714286,11.669690714285716,9.071950067460318,1.4214285817857142,11.1728554,32.29714228571429,3.8434155214285712
02/1996,22.304206827586206,11.673064061302682,8.557121510344828,1.8310344103448275,11.303499413793103,32.027585172413794,3.67630614
02/1997,22.81733067857143,11.675749930555556,9.77133367063492,2.06785715,10.474647696428573,31.75714239285714,3.8316538857142857
02/1998,24.866288571428573,11.672720972222223,10.400675575396827,0.42142857857142857,12.475475482142857,35.61428507142857,4.943714789285714
02/1999,22.098357071428573,11.66988217261905,9.382900396825397,2.478571364285714,11.480290285714286,34.174284785714285,3.6712943571428567
02/2000,21.37870344827586,11.673257490421456,8.663828446743295,2.155172444827586,10.918139431034483,32.77241331034483,3.557085251724138
02/2001,22.59277660714286,11.675940079365079,10.084242103174603,2.024999997857143,11.092269224999999,35.202855678571424,3.8983135821428574
02/2002,22.36167492857143,11.6730351984127,9.356139166666667,2.699999939285714,11.515645821428572,35.43428542857143,3.6419190107142856
02/2003,23.47000853571429,11.670293323412698,9.604078511904762,2.1428571514285712,10.116266907142858,30.947141999999996,3.8122357428571427
02/2004,22.66993924137931,11.67356478927203,8.677553553639846,2.400000027586207,10.733158344827586,31.382068413793103,3.637074668965517
02/2005,21.452226214285712,11.676317757936507,9.677668144841268,0.8250000142857142,12.062643267857142,34.804285392857146,3.890172860714286
02/2006,20.952747017857146,11.67345751984127,8.262764560714286,3.0857143428571425,11.213859617857143,33.2099995,3.49677865
02/2007,23.815768035714285,11.67067638888889,9.475830152281747,1.378571462142857,10.6716765,30.137142214285713,4.220122184285715
02/2008,23.979565689655175,11.673994770114941,9.774871086206895,2.0137930310344827,9.87656914137931,30.463448103448275,3.943062151724138
02/2009,21.25237482142857,11.676742718253967,8.57464410813492,2.36071438,11.224148321428572,33.73714246428572,3.29984065
02/2010,23.284368642857142,11.673919305555556,8.255139130952381,1.742857117857143,11.290673457142857,32.155713642857144,3.5696496214285713
02/2011,23.354606928571428,11.671143125,9.255917680555555,2.400000019642857,10.859246142857144,31.062856107142856,3.9216279642857144
02/2012,23.498746620689655,11.674346992337163,9.085918389846745,2.013793121724138,10.5163259,32.01517213793103,3.761653155172414
02/2013,24.335260785714286,11.677181517857141,9.89305251547619,1.7285713892857142,10.81745602142857,31.924284928571428,4.261341171428572
02/2014,23.980946999999997,11.674352013888889,10.194337311507937,1.6821428964285714,9.663741285714286,29.30142767857143,4.150596075
02/2015,21.926630785714284,11.671469087301586,8.762198234126984,1.41071428,11.219861814285716,33.00428489285714,3.541079839285714
02/2016,20.41900544827586,11.674667298850576,6.335722883007663,2.106896617241379,11.605850517241379,34.411034,2.917513436551724
02/2017,24.592427750000002,11.67749328373016,10.57475814484127,0.28571429642857143,19.244060321428574,50.05285625,4.941031671428571
02/2018,22.979481535714285,11.674694811507935,10.304568819444444,0.6821428642857142,18.024328625,46.05428503571428,4.299171328571428
02/2019,24.357308749999998,11.671820029761905,10.670694632936508,1.1678571375,18.044465357142858,46.92857003571429,4.863702460714285
02/2020,24.318269310344828,11.674957174329503,9.840819695402299,0.9999999862068967,19.391585689655173,51.34344696551724,4.695281703448275
02/2021,22.737367928571427,11.677851726190477,10.370114186507935,1.028571407142857,17.645760839285714,45.334284464285716,4.321592314285715
02/2022,22.684242892857146,11.674999156746031,9.738081574404761,1.0035714089285714,18.936329214285713,47.442855785714286,4.094089442857142
02/2023,23.841237142857146,11.672014672619047,10.46055871031746,0.45714285357142853,18.30367617857143,46.82571335714285,4.828790803571429
02/2024,23.89887275862069,11.67522872605364,10.585550335249042,0.25862069310344826,21.770452827586205,51.442757275862064,5.330664765517241
03/1990,23.86766351612903,12.055585394265233,9.82223473718638,2.361290446451613,11.77362570967742,34.80387041935484,4.214508793548387
03/1991,25.744881548387095,12.052251281362008,10.984802625448028,0.7548387580645161,11.818892951612902,34.01419251612903,5.57664464516129
03/1992,25.474384741935484,12.062392589605734,10.421948551792115,1.0806451048387096,11.520798409677418,33.68903164516129,4.899753825806451
03/1993,24.288093967741936,12.059203458781363,10.108867951612904,1.916128956451613,11.358407532258065,32.28387019354839,4.644550470967742
03/1994,25.36511035483871,12.056016075268817,10.879008539426524,1.7612902709677418,11.666199354838708,33.87483796774194,5.132550280645161
03/1995,25.226870387096778,12.052726980286739,10.704760071684587,0.7225806741935484,13.284309822580646,38.06709580645161,5.14210529032258
03/1996,23.010338741935485,12.062837329749104,9.74231365860215,2.2032257887096773,11.469823,32.45806383870968,4.53878895
03/1997,24.98399429032258,12.059664265232975,10.99352211469534,1.2000000032258062,11.34368070967742,33.6658055483871,4.807710554838709
03/1998,24.19541906451613,12.056379283154122,9.555248100358423,1.9709677274193549,12.527621680645161,36.545805838709676,4.316054125806452
03/1999,23.98937006451613,12.052928073476703,10.765027643369177,1.0258065,12.420848161290323,35.81419277419355,4.836718432258064
03/2000,24.854826677419357,12.063107616487455,10.736538046594983,0.7258064548387098,11.783894661290322,33.49161258064516,4.920144035483871
03/2001,23.77256977419355,12.059926362007168,10.233860399641577,1.2161290451612903,11.692128096774193,32.55096712903226,5.046551348387096
03/2002,24.22754206451613,12.05665355734767,10.002371784946238,1.3193548612903225,11.835551661290323,35.24516070967742,4.766040638709677
03/2003,25.454155903225807,12.05333809139785,10.85060523297491,2.0161291096774194,12.455382983870967,36.85935393548387,5.081160122580646
03/2004,22.818672322580642,12.063551980286737,10.16696778673835,3.2580645483870967,12.181721516129032,36.25548296774193,3.8411463838709676
03/2005,25.76981458064516,12.060443396057348,9.861753476702509,1.7096773903225806,10.735858958064515,31.807741096774194,4.520748116129032
03/2006,24.34407470967742,12.057166729390682,10.749251971326164,1.3903226080645161,12.583429,35.43096690322581,4.908820212903226
03/2007,23.801332612903227,12.053812715053763,9.771848700716847,2.487096735483871,12.824567612903227,37.56774096774193,4.22243395483871
03/2008,24.23661551612903,12.064154498207884,9.241735947401432,1.6129032516129032,11.486409467741934,34.0954834516129,4.291338303225807
03/2009,22.57290580645161,12.060960456989246,10.456015331541218,0.8903226177419356,13.209657661290324,38.891611999999995,4.5876527000000005
03/2010,23.529961903225807,12.05757605734767,9.309750241935484,1.1612902774193548,12.78086764516129,37.30064406451613,4.475802738709678
03/2011,24.53298616129032,12.054223745519714,10.59131674731183,2.151612879032258,11.871307758064516,34.258063838709674,4.81141815483871
03/2012,24.72586206451613,12.064502813620072,10.582515224014337,1.3483870838709677,12.276106161290322,36.801289193548385,4.744112270967742
03/2013,22.097636516129032,12.061314596774194,9.0804813781362,2.0774193529032257,12.685824912903225,36.522580129032264,4.013419567741936
03/2014,25.569477741935483,12.057936559139785,10.636882544802868,0.9870967419354839,11.71063530967742,34.025806225806456,4.970400712903226
03/2015,24.760607612903225,12.05457025985663,10.683984775985662,2.309677470967742,12.239665790322581,36.1509669032258,4.494999622580646
03/2016,26.078617387096774,12.064937491039426,10.115542939068101,1.9774193967741935,10.740081435483871,31.23870864516129,4.627140198387098
03/2017,24.17933258064516,12.061672338709677,10.66251964157706,0.8516129032258064,21.058619741935484,54.87096687096774,5.1997796387096775
03/2018,25.579063967741934,12.058269587813621,11.108818091397849,0.21935483870967745,20.476516935483872,53.454192516129034,5.732714809677419
03/2019,24.82577064516129,12.055010107526881,11.253848548387097,0.5064516096774193,21.103587258064515,54.545805290322576,5.735263919354839
03/2020,24.892571806451613,12.06535953405018,10.775592867383512,1.4322580467741937,19.810104193548387,51.51483748387096,5.2866703
03/2021,23.883431580645162,12.062061612903225,10.903669569892473,2.3096774032258063,17.838053758064515,47.229675838709674,4.9377419322580645
03/2022,24.534574032258064,12.058627374551971,10.671466200716846,0.7709677477419354,18.877088354838712,47.612901903225804,5.029784958064516
03/2023,25.768444903225806,12.055325636200717,11.134181586021505,1.2774193500000002,18.36250529032258,47.61290229032258,5.598491238709677
03/2024,27.82462858064516,12.06574440860215,11.128729390681004,0.1,20.59185135483871,49.05290183870967,6.229302403225806
04/1990,26.082444133333336,12.459519777777778,11.182402083333333,3.3866666766666667,11.7123752,34.319999233333334,4.8717683633333335
04/1991,28.1179295,12.456556444444443,11.591528694444444,0.4766666633333333,12.056609183333334,34.25999916666667,5.732399986666667
04/1992,25.118416233333335,12.466253842592591,10.770883259259259,2.780000043333333,11.480773856666667,33.63599943333333,4.612546640000001
04/1993,26.19056983333333,12.463033574074075,10.986268564814814,1.84999996,11.796897306666667,34.67999893333333,4.9723407433333335
04/1994,26.570708033333336,12.459873944444444,11.423621898148149,1.7766666199999999,11.713784983333333,34.751999133333335,5.260322456666667
04/1995,25.95292936666667,12.456979685185186,10.89612873148148,4.276666616666666,11.1828155,33.43199946666667,4.82430377
04/1996,26.512721533333334,12.466572611111111,10.733801694444445,2.6633333746666663,11.358903889999999,32.13599933333333,4.801715136666667
04/1997,26.3110545,12.463343712962963,11.540116648148148,1.3433333366666667,12.613550283333332,37.29599966666667,5.30175015
04/1998,28.037443266666667,12.460231666666665,11.354509203703705,0.276666665,14.012610033333335,40.07999936666667,5.6883902766666665
04/1999,26.733555533333334,12.4572515,11.363933018518518,2.35666675,12.728931683333334,36.6479995,5.50994865
04/2000,25.870777033333336,12.46683162037037,11.314346157407408,1.0933333366666667,13.09965373,37.97999946666666,5.3532810600000005
04/2001,25.9948044,12.463611916666668,11.215323777777778,1.686666648,13.131835709999999,38.591998966666665,5.358631186666667
04/2002,25.586818966666666,12.460584916666667,11.328618009259259,2.1433333946666666,13.511373966666667,39.059999033333334,5.13859347
04/2003,25.569388533333335,12.457758277777778,10.483041592592594,0.8433333533333334,12.579792703333334,36.46799903333333,5.121988099999999
04/2004,24.320499633333334,12.467284620370371,10.504749027777779,4.06333327,11.326761363333333,32.57999933333333,4.6521751233333335
04/2005,26.363902066666665,12.464102009259259,10.721278388888889,0.3700000133333334,13.833360416666666,39.3599992,5.166485513333333
04/2006,25.774874399999998,12.461121240740741,11.390112462962964,1.2633333133333333,12.465355633333333,36.719999333333334,4.956616749999999
04/2007,26.4598045,12.458207861111111,10.96397797222222,1.2099999946666666,12.020073796666667,34.97999913333333,5.0644658399999996
04/2008,25.5537632,12.467748268518518,10.996937016666667,1.74000006,12.336989856666666,35.37599943333333,4.902520883333334
04/2009,26.87904113333333,12.464572481481481,11.43504737962963,1.026666676,13.711563166666668,40.235999633333336,5.673364879999999
04/2010,25.813763833333333,12.461582101851853,10.406824611111112,5.00000002,9.701939993333333,29.891999366666663,4.497830436666666
04/2011,26.939874733333333,12.458652537037038,11.224527370370371,0.913333348,12.342884663333333,35.66399896666667,5.3759583
04/2012,25.277166,12.46803424074074,11.21253813888889,1.9266667446666668,12.201682516666667,35.91599913333333,4.963726926666666
04/2013,27.1714021,12.464849759259259,11.359896435185187,0.9199999666666667,11.6498515,34.12799973333333,5.216806386666667
04/2014,26.941055433333336,12.461897731481482,11.247506351851852,1.4533333966666668,13.144835266666666,38.795999433333336,5.476429006666667
04/2015,27.574805500000004,12.458886425925925,11.266842981481481,1.14000001,11.828201283333334,35.20799933333333,5.451017859999999
04/2016,26.8779301,12.46830987962963,11.339776296296296,1.0666666666666667,13.2052773,37.84799923333333,5.217022663333334
04/2017,26.641277100000003,12.465181583333333,11.523199611111112,1.4599999966666668,18.407832199999998,49.3079989,5.715233816666667
04/2018,25.757248699999998,12.462249574074074,10.622533907407409,2.000000005,18.948572000000002,50.147999066666664,4.9958335400000005
04/2019,26.357527,12.459312407407406,11.157590111111112,2.440000188,18.9012664,49.019998533333336,5.461050816666667
04/2020,28.7274581,12.468744222222222,11.644669685185185,0.17333333333333334,18.438688483333333,48.767998899999995,6.4002243666666665
04/2021,25.5280818,12.465691944444444,10.634766564814814,1.79999994,17.06064183333333,45.767999,4.978099403333333
04/2022,25.860373666666664,12.462785953703703,11.08685575925926,3.283333454666667,18.087056800000003,46.355999266666664,5.4302034699999995
04/2023,27.139540399999998,12.459687222222222,11.382590166666667,0.33333334000000003,18.60031616666667,47.31599953333333,6.1562516700000005
04/2024,27.064749333333335,12.469104546296297,11.101373851851852,1.729999975,20.02727925,47.6519988,5.690269703333333
05/1990,25.55597035483871,12.797250600358423,11.038782078853046,6.467742019354838,10.48366652580645,32.736773516129034,4.84287274516129
05/1991,25.831306258064515,12.795002016129033,11.056990143369175,5.870967219354839,10.628986470967742,31.970322161290323,4.856324635483871
05/1992,24.504223387096776,12.80161785842294,10.835231953405017,3.3193549887096774,11.715445983870968,34.40903187096774,4.520275132258065
05/1993,25.230297967741937,12.799521917562725,10.110114465053764,4.148387064516129,10.502337441935484,32.09806406451613,4.263086146451612
05/1994,26.069074741935484,12.797411541218638,10.989287249103942,3.3451612903225807,10.77605159032258,32.353547387096775,4.689575361290323
05/1995,25.731372999999998,12.795190869175629,10.99796314516129,3.1258064661290326,9.77666565483871,29.345805903225806,4.905949919354839
05/1996,23.838227999999997,12.801819220430108,9.97407976702509,9.270968008064516,9.595816351612902,29.87999919354839,3.8613607741935483
05/1997,26.96188435483871,12.799756227598566,11.178067428315412,2.4387097141935485,13.36590586451613,39.495483096774194,5.430090038709677
05/1998,26.775727838709678,12.797663055555557,10.509793503584229,5.345161183870967,13.295158029032258,39.53032196774193,5.170533145161291
05/1999,24.676131,12.795383467741935,10.796694677419355,5.487096741935484,10.21161975483871,32.28387,4.550427287096774
05/2000,24.736346548387097,12.802068449820789,9.765386245519714,7.267741729032258,8.771174461290324,28.614192645161292,4.161796426774194
05/2001,24.671963838709676,12.800018019713262,10.510738225806453,7.880645112903226,9.975109206451613,30.35612819354839,4.302919929032258
05/2002,25.42250222580645,12.797893736559141,9.964456082437275,4.045161217419355,11.636512693548388,35.98838651612903,4.558923158064516
05/2003,26.842595806451612,12.795711254480286,10.286016693548387,4.819354916129033,11.605420819354839,34.931611741935484,4.982512206451613
05/2004,24.25617129032258,12.802467786738351,10.49668670250896,9.00322558064516,9.42957693548387,30.356128032258063,4.018282035483871
05/2005,25.011816903225807,12.800458225806452,9.722519044802867,8.464515967741935,9.42172141935484,28.428386322580646,4.241591012903226
05/2006,26.302206935483873,12.798330707885306,10.53502023297491,5.409677382258064,10.306754077419354,31.436128548387092,4.718139132258065
05/2007,26.932313741935484,12.79607608422939,11.3353328046595,2.412903307741936,13.286677903225806,37.114838161290315,5.203316351612903
05/2008,25.972502387096775,12.80284464157706,10.35359581451613,5.577419258064515,12.287112170967742,37.54451496774193,4.744335419354838
05/2009,24.320217677419354,12.80076579749104,10.7926520609319,5.064516112903226,9.696872906451613,29.83354764516129,4.269269683870967
05/2010,25.187152516129032,12.798531872759856,9.289673146953405,7.932258283870968,10.926054629032258,34.9083865483871,4.039650212903226
05/2011,24.9888334516129,12.79628517921147,11.069250779569892,3.8709677129032256,9.872923148387097,29.787096032258066,4.467092983870968
05/2012,24.82902119354839,12.803016917562724,9.670165510752687,7.725806403225807,10.039500067741935,31.319999387096775,3.981645441935484
05/2013,26.076669741935483,12.8008863172043,10.791841173835126,3.7870969322580645,11.345695406451613,34.072257096774194,4.802625206451613
05/2014,24.442999290322582,12.798658485663081,10.104284621863801,5.212903212903226,9.048748916129034,27.104515354838707,3.9692862161290323
05/2015,26.13164229032258,12.796416621863798,11.124504596774194,2.9064515548387098,11.931616596774193,35.152258,4.9549201806451615
05/2016,27.24790529032258,12.803224551971326,11.477703360215054,1.6806451432258063,13.27711058064516,37.753547741935485,5.133192177419354
05/2017,26.260581741935486,12.801113449820788,10.641417428315412,3.8129032129032256,14.032140967741936,38.57806325806452,4.58879405483871
05/2018,25.474762322580645,12.798879139784948,10.505240896057348,4.8580645516129035,14.235329774193549,37.91612832258064,4.676091729032258
05/2019,25.827854064516128,12.796751299283153,9.453408154121863,7.435483867741936,13.763486741935484,36.82451483870968,4.144778080645161
05/2020,25.62529935483871,12.803590313620072,9.284837990501792,11.170967079032259,15.306782219354838,41.144514774193546,4.283259912903225
05/2021,25.968445258064516,12.801464157706093,11.273123646953405,2.5193549725806452,16.5381695,44.10580577419355,5.185689416129033
05/2022,25.311185838709676,12.799275349462366,10.040615537634407,4.387096777419354,15.745066077419356,41.44645129032258,4.832737280645161
05/2023,27.366093354838707,12.797136200716846,10.726659175627239,1.9709677464516129,16.217108370967743,41.00516058064516,5.560161474193548
05/2024,28.874291935483868,12.803964184587814,11.579741200716846,1.867742006451613,18.41020922580645,43.618063387096775,6.173861619354839
06/1990,24.527166,12.965603046296296,10.781359824074075,4.616666655,8.594300116666666,32.6399992,4.143740756666667
06/1991,24.622859866666666,12.965166296296296,10.665387462962963,6.823333383333334,9.06665676,29.495999466666664,4.27522708
06/1992,24.789110833333332,12.966369333333335,9.75048237962963,11.033333073333333,8.039869583333333,28.4159993,4.0501678666666665
06/1993,23.6682775,12.965953657407407,9.215700298148148,9.56999993,8.38873396,33.095999166666665,3.6548922233333334
06/1994,24.6655689,12.965475,10.92743249074074,3.5199999133333333,9.922008596666666,32.42399963333333,4.537614016666667
06/1995,24.288763666666668,12.96507338888889,10.063311777777779,7.733333218,8.93041508,29.615999433333332,4.0584647799999995
06/1996,25.071611233333332,12.966296592592592,10.761000157407407,6.436666673333334,8.885060816666668,27.299999766666666,4.341114953333333
06/1997,23.543276233333334,12.965899277777776,8.825291214814815,11.58666696,7.9472657,29.963999433333335,3.5851200646666666
06/1998,24.987582633333332,12.965474342592593,10.78109762037037,6.459999956666667,9.091970196666667,30.624000066666667,4.329741139999999
06/1999,23.992721666666668,12.965123824074075,9.729316759259259,12.330000066666665,8.299796683333334,29.09999966666667,3.9019143733333332
06/2000,23.5087637,12.966374972222221,9.888130361111111,3.9733333366666668,9.003595066666666,31.17599926666667,3.9080335933333337
06/2001,24.174596933333337,12.965995175925928,11.32517962037037,4.209999855,10.162893433333332,32.48399943333333,4.485625063333333
06/2002,23.9151524,12.965612898148148,10.734952,5.2200000200000005,8.734823500000001,30.455999566666666,4.140584326666667
06/2003,23.835361666666664,12.965298833333332,10.752127416666667,5.703333266666666,8.215299653333334,28.2359996,4.058082573333333
06/2004,23.691749766666664,12.966521444444444,10.315614333333334,6.85333326,9.257687046666666,33.143999433333335,4.068780706666667
06/2005,24.128484633333336,12.96611300925926,9.481017388888889,10.006666843333333,7.8360658,27.083999600000002,3.824987483333333
06/2006,23.7773748,12.965729296296297,8.986139916666668,12.28666668,8.701268756666668,30.4439991,3.6037545266666666
06/2007,24.264388766666666,12.965400185185185,10.612453972222223,7.039999976333333,8.880710613333333,29.783999433333335,4.256526266666667
06/2008,23.945291066666666,12.966566499999999,10.28925237037037,7.496666723333333,8.76253603,31.223999199999998,3.9672860466666666
06/2009,24.471055566666667,12.966114481481481,10.409989805555556,7.11999973,9.236000866666666,28.979999199999998,4.19964268
06/2010,24.4132079,12.965699203703704,10.52227325925926,4.636666673333334,9.274563183333333,31.487999199999997,4.153767153333333
06/2011,24.28966643333333,12.96533947222222,10.30603199074074,6.633333243333333,9.810540326666667,32.86799956666667,4.129847773333333
06/2012,24.278833366666667,12.966437962962964,10.184641925925925,7.85666685,8.43475229,28.679999233333334,4.28377675
06/2013,24.15848576666667,12.965984231481482,10.11683150925926,7.559999840000001,8.95572542,30.299999,4.013087363333333
06/2014,24.218484766666666,12.965610435185186,10.035415416666666,7.093333400000001,8.788109493333334,31.5719998,4.00583228
06/2015,23.871471566666667,12.965281074074074,9.157749175925925,9.966666878000002,9.11566148,32.147999133333336,3.581863476666667
06/2016,24.4196659,12.966385962962963,10.405021907407408,8.683333146666666,9.14245717,31.667999666666667,4.020531266666667
06/2017,25.418289766666664,12.965981296296295,9.27835425925926,7.753333294666667,12.409729976666666,34.91999906666667,3.96294286
06/2018,24.600304633333334,12.965665398148149,9.802470416666667,3.68000006,12.634835533333334,34.05599926666667,4.10635352
06/2019,25.7619712,12.965391666666667,10.80119951851852,3.979999966666667,12.947636846666667,34.5839991,4.597182200000001
06/2020,24.265165466666666,12.966510222222222,8.67062838888889,8.673333631666667,15.671227366666667,41.18399933333333,3.7605450633333333
06/2021,24.8254429,12.966148944444445,9.745225694444445,6.613333281666667,11.816480866666666,33.22799943333333,3.97498592
06/2022,23.556902033333333,12.965857361111112,8.509209189814815,9.566666893333332,14.660116149999999,37.48799933333333,3.71631618
06/2023,26.3940547,12.965545296296295,9.561551750000001,5.330000134666666,14.798588633333333,38.47199883333334,4.63286328
06/2024,24.75801273333333,12.966602870370371,7.630248035462963,8.720000078333333,15.137675633333334,36.551999366666664,3.7154047
07/1990,24.639572645161287,12.88569770609319,11.013709892473118,4.577419472258065,9.401589922580644,30.390966838709677,4.437345938709678
07/1991,24.593940290322582,12.887354310035843,11.079328422939067,6.067741829032259,10.147740654838708,33.81677345161291,4.391204658064516
07/1992,23.53681690322581,12.882350887096774,10.444087983870968,6.622580791612903,9.334840877419355,35.070967193548384,4.026276312903226
07/1993,23.53164222580645,12.883811541218638,10.786267912186378,3.5032258174193545,9.182616054838709,34.33935387096774,4.1058510741935486
07/1994,25.130364903225807,12.885405331541218,11.50818079749104,2.7419355106451615,11.772975238709678,38.03225732258064,4.7620056032258065
07/1995,24.125728161290322,12.887016451612903,10.488256227598567,7.474193516129032,9.13850309032258,30.87870958064516,4.059262290322581
07/1996,23.505701258064516,12.881997231182797,9.556732728494625,9.570968091935484,9.209859219354838,31.366450967741933,3.7263571612903226
07/1997,23.874048387096774,12.883538664874552,10.349522795698924,5.9419354819354835,9.35184944516129,33.747095645161295,3.981562238709677
07/1998,24.030231161290324,12.885171998207886,10.193685537634408,8.267742016129032,9.40966714516129,32.37677322580645,4.010597761290323
07/1999,23.34864464516129,12.886836245519714,10.511830017921147,6.129032312903226,9.539216070967743,33.038709,4.01644385483871
07/2000,23.977542677419354,12.881822365591399,11.051701406810036,6.719354779032257,10.626237293548387,34.03741864516129,4.420867709677419
07/2001,24.957918096774193,12.883396980286738,11.18916422939068,4.870967725806452,9.893400187096775,31.424515806451613,4.56284690967742
07/2002,23.894948387096772,12.885109426523297,10.705537930107527,5.761290358064516,9.473435122580646,33.990967129032256,4.066438632258064
07/2003,24.084196838709676,12.886735501792113,10.796975689964157,7.909677367741936,10.108285261290323,33.20128964516129,4.223611706451613
07/2004,24.215849129032257,12.881689059139784,10.728307625448029,7.506451629032258,9.159619661290323,30.750967032258064,4.2107227935483875
07/2005,24.06571441935484,12.883274578853047,10.283590170250896,9.245161241935483,8.621665609677418,30.437419,4.006624690322581
07/2006,24.15469270967742,12.884899543010754,10.046693566308244,6.3709677048387094,8.750259341935484,32.51612816129032,3.9528750612903227
07/2007,24.961212161290323,12.886460035842292,11.333249991039427,5.048387087096774,9.59460470967742,31.772902677419353,4.531696648387096
07/2008,23.511548129032256,12.881356370967742,9.584687525985663,6.1225806903225815,8.721429277419356,33.18967664516129,3.8312066290322577
07/2009,24.190849032258065,12.882932240143369,10.925670940860217,5.719354780645161,9.336421064516129,34.55999922580645,4.154699706451614
07/2010,23.754424967741933,12.884589578853046,10.232058539426523,7.554838735483871,8.395349596774192,29.90322548387097,3.9194267967741934
07/2011,23.85045964516129,12.886100600358423,9.981788781362008,8.974193438709676,8.64363395483871,29.98451541935484,3.7984852419354835
07/2012,24.28809351612903,12.881000483870968,11.135943718637993,5.309677422580645,10.08120721935484,33.47999912903226,4.365401732258065
07/2013,24.306440870967744,12.88264585125448,10.804420779569893,8.096774151612903,9.361979361290322,30.84387064516129,4.232945219354838
07/2014,24.77592987096774,12.884274023297491,11.129081603942653,6.438709725806452,10.106235696774194,33.86322519354839,4.605813480645161
07/2015,24.662825225806454,12.885813440860215,10.976263987455196,3.629032193548387,9.51619325483871,32.89935396774193,4.390240551612903
07/2016,25.026668870967743,12.880764955197133,11.202941541218639,6.548387186774193,9.387229822580645,32.93419341935484,4.465625041935484
07/2017,24.511992967741936,12.882441344086022,10.33129301971326,6.44516110483871,15.225865806451614,41.14451548387097,4.107241187096774
07/2018,24.954264741935486,12.88411347670251,11.464108826164875,2.9032257580645164,17.664052548387097,45.60386977419355,4.896508896774194
07/2019,26.2574235483871,12.885626792114696,11.395084731182797,1.9161290061290324,17.046433483870967,45.26709564516129,5.401686541935484
07/2020,24.745999096774195,12.88060801971326,11.129350519713263,5.109677406451613,13.829940467741936,37.10322493548387,4.513904593548387
07/2021,25.14431841935484,12.882348521505376,10.77878605734767,6.300000079032258,15.257549719354838,41.34193438709677,4.7407850451612905
07/2022,24.512127741935483,12.88395863799283,10.417848028673836,7.099999962580646,15.376670903225808,37.9277415483871,4.449660212903226
07/2023,25.535985225806453,12.885463655913977,10.69749482078853,6.919354983870967,16.014137854838708,38.50838622580645,4.662380170967742
07/2024,24.569385870967743,12.880440689964157,9.917166075268817,8.11290344516129,15.246755129032257,35.698063322580644,4.118606306451613
08/1990,24.34017670967742,12.595711254480287,10.308531684587814,8.229032196774194,9.378761277419356,32.992257,4.1576149709677415
08/1991,25.10953158064516,12.598379641577061,10.617807688172043,6.458064448387097,9.931177270967742,32.005160612903225,4.395525377419355
08/1992,24.231507741935484,12.589667159498209,10.585554605734767,7.083870790322581,9.461912722580644,31.610322032258065,4.359265003225806
08/1993,23.452676741935484,12.59253525985663,9.632237741935485,8.954838514193549,8.368518512903226,34.19999929032259,3.6999178516129034
08/1994,25.49958548387097,12.595283745519714,11.34868479390681,4.870967658064517,10.312290419354838,32.934193032258065,4.700538603225806
08/1995,23.581709612903225,12.597965349462365,9.94786870967742,15.73548397096774,7.967276677419355,27.78967706451613,3.7806398096774196
08/1996,23.408255548387096,12.58930255376344,9.932235815412186,7.519354758064516,8.664449848387097,28.602580032258064,3.950851077419355
08/1997,24.325660967741936,12.592225842293907,10.359077777777777,6.712903204838709,9.626878348387097,32.098064096774195,4.184921012903226
08/1998,24.775728096774195,12.594899086021504,10.726410779569893,7.719354893548387,9.71836919032258,29.996128096774193,4.309988196774193
08/1999,24.089236322580646,12.597640779569891,11.007998234767024,8.590322712903227,9.197904567741936,30.251612096774195,4.264451541935483
08/2000,23.53325541935484,12.589026872759856,9.941754587813621,7.477419283870968,9.35964539032258,32.07483751612903,3.9584895967741938
08/2001,24.41773112903226,12.591867876344086,10.476144596774194,9.345161212903225,9.42627614516129,32.237418806451615,4.153146529032258
08/2002,24.67364493548387,12.594566935483872,11.113739802867384,6.525806464516129,10.104868570967742,33.10838632258064,4.456246374193548
08/2003,24.502072387096774,12.597308396057349,10.845962741935484,7.1096773967741935,9.767069577419354,30.785805806451613,4.3360907096774195
08/2004,25.07122522580645,12.588692383512544,10.74202461469534,4.6419354967741935,10.002049012903226,31.923869935483868,4.464157367741936
08/2005,23.980835483870965,12.591537365591398,10.149792939068101,10.196774174193548,9.009831851612903,30.599999483870967,3.995041409677419
08/2006,24.358255387096772,12.59414510752688,10.508232741935485,7.19999984516129,9.152094077419354,29.92645116129032,4.167293067741935
08/2007,24.183121096774194,12.5969041218638,10.47344116487455,6.996774109677419,9.265481383870968,29.810322064516125,4.208029058064516
08/2008,24.465311258064517,12.588260878136202,11.090432392473119,6.690322716129033,9.19404170967742,30.03096706451613,4.375345370967742
08/2009,24.482381451612905,12.590972204301075,10.528565268817204,8.0225805,9.548491480645161,31.656772838709678,4.159555483870968
08/2010,23.827744774193548,12.593616290322581,9.307192231182796,11.367741732258065,7.778256954838709,28.486450903225805,3.7304008741935486
08/2011,24.427945709677417,12.596403512544802,10.733983369175627,9.177419219354839,9.103971270967742,29.10193516129032,4.267140654838709
08/2012,24.513630612903224,12.58776922939068,10.15248376344086,7.364515948387097,9.008645406451611,30.089031258064516,4.174457083870968
08/2013,24.50415564516129,12.590547795698924,10.19812896953405,8.148387248387097,9.719584158064515,31.51741906451613,4.160690832258065
08/2014,24.986011064516127,12.593196702508962,11.03425291218638,8.274193746451612,9.737850422580646,30.50709658064516,4.449003738709678
08/2015,26.250526741935484,12.596092491039427,11.379460994623654,3.3548387012903222,10.847785229032258,33.096773322580646,4.953934280645162
08/2016,24.72539170967742,12.587497768817205,10.477245304659498,8.00322571419355,9.380031219354839,30.658063709677418,4.238789338709677
08/2017,24.99384783870968,12.590199435483871,10.223050501792114,5.1483871,13.921874496774194,38.43870890322581,4.203605583870968
08/2018,24.68517858064516,12.592918252688172,10.68629594982079,4.722580591612903,15.390726919354838,41.0399994516129,4.6052611677419355
08/2019,25.972610967741936,12.595801111111111,10.974488700716845,6.364515423870968,13.537355838709678,39.007741161290326,4.944533529032259
08/2020,24.503996,12.587122526881721,10.307692016129032,6.625806635483872,13.94674929032258,38.369031225806445,4.114101393548387
08/2021,24.47099893548387,12.589835474910394,10.327684005376344,7.438709840322581,13.020474687096774,35.1174185483871,4.2028713903225805
08/2022,24.067436870967743,12.59250870967742,9.68564069892473,7.441935364516129,14.024694903225805,36.09290248387097,4.1460425290322585
08/2023,25.348149451612905,12.595430761648744,10.008250035842295,7.761290482258064,14.435015287096773,35.66322474193548,4.5804535
08/2024,24.659842677419352,12.586724166666666,10.750486120071685,8.254838922580646,15.815803758064517,37.31225716129032,4.518683451612903
09/1990,24.57737416666667,12.211383861111111,10.181138148148147,10.113333228333333,8.276987756666667,28.01999963333333,4.0725225866666666
09/1991,24.262235200000003,12.214741166666666,9.841780157407408,7.1500000980000005,8.727176736666667,28.99199913333333,4.02226916
09/1992,23.869318533333335,12.204697425925927,9.650574851851852,10.446666733333332,8.609321903333333,29.747999133333334,3.8585629866666666
09/1993,23.31112476666667,12.207747648148148,8.92204621787037,11.40333323,8.593845473333333,29.903999399999996,3.5934840153333334
09/1994,23.93924946666667,12.211035138888889,9.862200277777779,10.440000231333332,9.337779006666667,30.107999333333332,3.8387612566666665
09/1995,23.542166633333334,12.214383694444445,8.707762953703703,10.913333063333335,7.912317003333333,29.003999366666665,3.4043512733333334
09/1996,24.404944133333334,12.204273185185185,10.214840138888889,9.639999946666666,8.485486606666667,26.9999993,4.030539683333333
09/1997,24.450152199999998,12.207411083333334,9.49276237037037,9.703333446666667,8.978155476666666,28.871999266666666,3.7819957166666667
09/1998,23.7404302,12.210676537037038,10.401310175925925,7.730000169999999,8.84510955,27.743999433333332,4.131234146666666
09/1999,23.0327915,12.214021666666667,9.251562250000001,17.22666664666667,8.14379534,28.139999433333333,3.5507589066666667
09/2000,23.556957566666664,12.20391339814815,9.712132208333333,11.880000026666666,8.148378126666666,27.887999633333333,3.7714625666666666
09/2001,23.669319466666664,12.207014796296297,9.733280264814816,11.18999975,8.10123538,28.127999266666667,3.82963965
09/2002,23.939110766666666,12.210335305555557,10.159307694444443,7.420000083333333,8.476198759999999,29.0879998,3.9273959
09/2003,24.311749333333335,12.213610935185185,10.342103083333335,10.49333349,8.57649605,28.619999399999998,4.126244986666666
09/2004,24.52772206666667,12.203426444444444,10.49912962962963,8.013333685,8.7753843,27.287999233333334,4.139979373333333
09/2005,23.698902666666665,12.20660248148148,10.121666361111112,9.053333259999999,9.022139979999999,31.019999233333333,3.760378793333333
09/2006,24.458971166666668,12.20985888888889,10.450680768518518,10.336666576333332,8.377450793333333,28.043999699999997,4.078634746666667
09/2007,23.637999033333337,12.213079805555557,9.181680934907407,9.43333307,8.89363274,30.203999333333332,3.64185964
09/2008,23.93598546666667,12.202910833333334,9.687718148148148,13.283333444666669,7.961212683333333,26.9159996,3.9154143266666663
09/2009,24.980082633333332,12.206064833333333,10.165577981481482,7.710000095,8.906047023333334,29.087999466666666,4.244772833333333
09/2010,23.487305433333333,12.209396555555555,9.843383898148147,10.930000156666667,9.127689746666666,31.41599923333333,3.71210409
09/2011,23.812722066666666,12.212606175925925,9.152184935185185,13.616666553333333,8.241716176666667,27.419999533333332,3.7403749586666666
09/2012,24.2317487,12.202441092592592,10.40876749074074,5.200000001666667,9.136250016666667,28.583999600000002,4.182051076666666
09/2013,23.8418185,12.205721462962963,9.269693666666665,7.89999971,8.438458806666667,27.515999533333332,3.76200628
09/2014,23.80501333333333,12.208999564814814,9.25090562037037,13.786666596666667,7.703692723333333,28.499999600000002,3.7032251466666666
09/2015,25.154805533333334,12.21219087037037,9.252219434259258,9.956666695,8.597072553333334,28.9799993,3.96709055
09/2016,24.347930566666665,12.202111592592592,10.173381805555556,9.70333327,8.437650376666666,29.111999466666663,4.01375783
09/2017,24.751067766666665,12.205374685185184,9.124666900925925,8.939999425,12.14487505,32.49599943333333,3.79229926
09/2018,24.528984233333333,12.208694842592593,10.25397349074074,5.58333343,14.224845983333333,38.3999989,4.245162593333333
09/2019,24.985790633333334,12.211837768518517,10.660263648148147,13.653332841666668,13.8870249,37.41599873333333,4.339920223333333
09/2020,24.414262366666666,12.20171375925926,9.77315687962963,8.366666926666666,12.014632616666667,32.48399953333333,3.9060637233333333
09/2021,24.53606853333333,12.205033564814816,10.200688546296297,8.193332848333332,12.677814946666667,35.05199926666667,4.1613251233333335
09/2022,23.7353737,12.208227203703704,8.495789083333333,10.34666708,11.435084206666666,30.5759996,3.5869415653333334
09/2023,25.047804033333332,12.21132212037037,10.615063907407407,9.533333919999999,13.980297726666667,33.911999099999996,4.547799080000001
09/2024,24.876692766666668,12.201243518518519,9.946608166666666,9.396666645,11.425362473333333,28.991999500000002,4.216292526666667
10/1990,22.92512306451613,11.810284632616488,9.566958521505377,5.62580640451613,9.46877481935484,29.11354777419355,3.3230604419354837
10/1991,22.96934470967742,11.813245349462365,8.958858360215054,8.677419212903224,8.354209054838709,27.139354258064515,3.2690197161290326
10/1992,23.812018387096774,11.80373391577061,9.554034946236559,4.112903265806452,8.82915556451613,27.127741387096773,3.630635232258064
10/1993,23.120822741935484,11.80689252688172,9.263403440860214,8.083870958064516,8.96131225483871,28.93935441935484,3.325239590322581
10/1994,23.32740777419355,11.809941702508961,10.206345985663082,6.490322558064516,8.329064790322581,26.97677335483871,3.7627975838709675
10/1995,22.608389483870965,11.812992607526882,8.514470666666668,7.487096630322581,8.836043761290323,29.090321774193548,3.0667555096774195
10/1996,22.791924516129033,11.803500645161291,8.566796028315412,7.477419406451613,8.683577148387096,27.766450806451612,3.021757908064516
10/1997,22.77626635483871,11.806678933691755,8.21623438172043,4.46129024516129,8.930590948387096,28.53290264516129,3.101463258064516
10/1998,22.792730580645163,11.809621353046596,7.35294502329749,17.699999862580647,8.609844151612903,33.51483787096774,2.6661571383870966
10/1999,21.205163677419357,11.812658485663082,7.983360734767025,7.580645233548387,8.895934096774193,29.218063903225808,2.8149122741935484
10/2000,21.793806838709678,11.80319458781362,9.14185273297491,6.20000005483871,10.07222208064516,33.06193493548387,3.0341172612903224
10/2001,22.402340903225806,11.806231344086022,8.130146850358424,8.816129077419355,9.555512606451613,33.28258029032258,2.9357771922580644
10/2002,23.494881096774193,11.809150591397849,9.938863494623655,6.235483872258064,9.094229154838711,28.811612451612902,3.5674791677419355
10/2003,23.093335645161293,11.812212948028673,8.646842289426523,7.703225822580645,8.232769319354839,27.046450741935484,3.11126885483871
10/2004,23.905633677419356,11.802709964157707,10.033045806451613,4.987096822580645,8.58247914516129,27.789677193548386,3.6183049935483873
10/2005,21.437422258064515,11.805784292114696,7.714546279569893,7.270967972580645,9.373286677419355,33.329031709677416,2.6289946548387095
10/2006,23.409397387096774,11.808702150537634,9.292170833333333,12.148387680645161,8.584267425806452,27.82451564516129,3.326984335483871
10/2007,21.876669387096772,11.811807455197133,8.20973758422939,5.277419389677419,9.421048280645161,29.94967664516129,2.961329451612903
10/2008,21.743470225806455,11.802338691756272,5.680291794444445,16.606451762580644,9.32601896451613,31.98193529032258,2.216951677419355
10/2009,24.350325322580645,11.805277526881719,9.679478044802867,3.23870974516129,8.683323509677418,27.418063483870966,3.831774412903226
10/2010,21.245956967741936,11.80822883512545,8.56506914874552,2.754838633870968,10.774307554838709,31.552257806451614,2.860242235483871
10/2011,20.975190741935485,11.81142017921147,7.403566722222222,7.6193552387096775,9.631049632258064,31.319999677419354,2.648596925806452
10/2012,22.789907741935483,11.801941290322581,8.766727069892472,8.000000116129034,8.950513303225806,28.01032187096774,3.2010553741935484
10/2013,23.93103793548387,11.804959247311828,9.78632438172043,6.4838710096774195,8.338775770967741,27.905805806451614,3.4865460483870967
10/2014,22.81094283870968,11.807932768817203,7.997657531362007,10.190322693548389,8.268532570967743,27.5690315483871,3.0017135806451614
10/2015,24.064369967741936,11.811148996415772,8.85705161111111,7.703225474193548,8.479438387096774,26.279999677419354,3.3361670312903224
10/2016,22.90260941935484,11.801690519713262,9.093984010752688,5.390322623870968,9.722950438709677,29.485160677419355,3.229117641935484
10/2017,23.118579451612906,11.80460360215054,7.737215979659498,6.854838741935484,16.799136241935482,44.07096696774193,2.823417319354839
10/2018,23.53746393548387,11.807636756272402,9.027941177419354,9.316129082258064,15.745262225806453,40.59870877419355,3.4348196258064516
10/2019,23.960111838709675,11.81086100358423,9.577847159498209,8.280645167741934,11.84839694516129,32.24903164516129,3.6698213322580644
10/2020,23.550501354838712,11.801254955197132,9.104604292114695,5.235483785483871,13.733333370967742,36.18580570967742,3.279940238709677
10/2021,24.30668467741935,11.804163467741935,10.428667025089606,6.04516148516129,13.756227619354839,35.419353774193546,3.996612806451613
10/2022,23.353526032258063,11.807165743727598,9.719549553763441,6.738709809677419,16.031131451612904,41.2374185483871,3.5620859677419356
10/2023,24.279063935483872,11.810387840501791,9.654875188172044,8.893548345161289,15.397232580645161,36.4761284516129,3.7136222548387097
10/2024,23.870729419354838,11.800796137992831,9.574368629032259,3.8741936677419355,16.502540435483873,38.98451525806451,3.515946148387097
11/1990,20.9283471,11.464436342592592,6.303625211111111,9.626666096666668,9.560541776666668,32.7959994,2.2110418766666666
11/1991,21.464735700000002,11.466861148148148,7.852933066666667,5.196666803333333,9.91982024,31.259999366666666,2.6565432553333332
11/1992,23.919388299999998,11.459797296296296,9.268238353333334,3.8200000133333334,8.70686504,25.931999533333332,3.3223595433333335
11/1993,21.1916802,11.46190460185185,8.54955348148148,3.3566667433333337,9.215549189999999,31.151999233333335,2.729674115
11/1994,22.1561945,11.464288175925926,9.10067425,3.93333341,9.05122036,27.767999166666666,2.9113591866666666
11/1995,22.269319,11.466744787037037,8.913459777777778,3.6766667866666665,9.409219049999999,30.827999233333333,2.9177100766666664
11/1996,20.469596799999998,11.45961837962963,5.652244738888888,6.843333431333333,9.71347638,34.043999066666665,2.133570176666667
11/1997,22.961889,11.461778,9.288059708333332,7.199999911666667,9.22345739,29.351999799999998,2.9220287799999998
11/1998,21.838972533333333,11.464143185185184,8.563800851851852,5.470000013333333,9.52317487,31.715999666666665,2.6444223433333334
11/1999,18.732860633333335,11.466498842592593,6.0015254231481485,4.28666699,10.30781141,33.09599926666667,2.0890364803333332
11/2000,22.96077776666667,11.459343416666666,9.594664064814815,3.87333347,9.682826533333333,30.407999366666665,3.2361962666666666
11/2001,20.7207777,11.461477972222221,7.697550196296295,2.256666696666666,10.341859113333333,30.227999133333334,2.5407064
11/2002,21.65966513333333,11.463844694444445,8.001448428703704,4.086666728,9.994821013333334,31.679999233333334,2.897795784666667
11/2003,21.65306886666667,11.466138259259258,7.540199212962963,8.036666498333334,9.564593126666667,31.355999266666668,2.412822828666667
11/2004,21.5880689,11.458895324074074,8.462048789814814,4.4933332466666664,9.54185795,30.587999433333334,2.7726467033333337
11/2005,19.978555200000002,11.461096249999999,6.356229808518519,5.466666796666667,9.594011633333334,32.951998966666665,2.2874183956666667
11/2006,20.6873053,11.46349624074074,7.233985337222222,3.6533333,9.334047266666666,28.571998999999998,2.528018158666667
11/2007,19.797930266666665,11.465771351851853,6.219842321296296,4.740000211666667,10.06642459,34.4279996,2.0686152146666665
11/2008,18.952096533333336,11.458629777777778,6.533959431481481,2.606666678333333,10.52570668,31.295999433333336,2.4981458979999998
11/2009,21.505777366666667,11.460883018518519,8.152833188888888,4.333333373333334,9.126991483333335,28.9319995,2.7002622916666668
11/2010,21.207513633333335,11.463305555555555,8.894196425925925,2.1900000166666667,9.75063173,28.259999366666666,2.884798653333333
11/2011,20.801610666666665,11.465563675925926,8.350112243518518,2.643333423333333,9.566365663333332,30.515999299999997,2.6612484600000004
11/2012,19.278208,11.45841349074074,6.871008023148148,2.5299999583333332,10.731739593333334,31.319999499999998,2.2229688133333334
11/2013,21.9786944,11.460762833333332,7.937627657407408,5.8400000883333325,9.205479983333333,30.359999166666668,2.6477278810000002
11/2014,20.515360366666666,11.463161972222222,5.615703484722222,4.77000003,9.735948933333333,30.335999566666665,2.19555494
11/2015,23.2754304,11.465338000000001,9.0822535,6.2833333583333335,8.980952506666666,29.7959995,2.85389043
11/2016,21.171958099999998,11.458234157407409,7.5736798527777776,5.913333151333333,9.96919574,31.0319994,2.372501375
11/2017,21.7413466,11.46055236111111,8.73743537962963,0.5500000016666667,18.969216966666668,48.2999996,2.8169699566666666
11/2018,22.94106833333333,11.462917472222221,9.844907166666667,3.516666853,16.247841283333333,41.315999,3.3706757
11/2019,23.1100271,11.46507262962963,10.388876083333335,3.2200000233333332,17.968436466666667,45.82799910000001,3.3446266
11/2020,22.677040733333335,11.457950120370372,7.565161725925926,17.499999759999998,17.0524596,47.507999166666664,2.6139750053333333
11/2021,22.5221799,11.460298231481483,9.013056203703703,2.0300000783333334,19.632383283333336,48.575999,3.324121933333333
11/2022,23.21329036666667,11.462555444444444,9.835221055555555,3.186666658333333,15.534754166666666,38.81999926666666,3.4973088066666667
11/2023,23.352317966666664,11.464631083333334,9.050263378703704,6.366666836666667,17.3272988,40.523998766666665,3.190051936666667
11/2024,22.9946097,11.457589574074074,8.842117175925926,7.2300000713333334,17.304369333333334,41.555999533333335,3.1549087166666667
12/1990,20.632313870967742,11.288154202508961,7.69353427016129,3.6999999387096776,9.182124006451613,30.39096709677419,2.585159789032258
12/1991,21.51248893548387,11.288528808243727,8.65735920609319,4.287096809677419,8.730941587096774,29.659354354838708,2.6619799677419356
12/1992,21.952273741935485,11.287266021505376,8.666258548387097,3.9129033064516126,9.519095432258064,30.762579709677418,2.7543886483870965
12/1993,21.137623483870968,11.287792096774194,8.519645048387096,2.687096777419355,9.543901741935484,29.450321806451612,2.903158134193548
12/1994,22.020755032258066,11.288252867383513,9.512590188172043,2.2935484806451614,9.894379129032258,29.427096161290322,3.0408940709677417
12/1995,22.03096993548387,11.288602571684587,8.808518539426524,4.109677619354838,8.910661012903226,27.38322529032258,2.6660316561290323
12/1996,21.173510322580647,11.287349569892472,8.769093736559139,1.8161290209677419,9.846697019354838,27.905805967741934,2.916776251612903
12/1997,21.56215277419355,11.287844471326164,8.671150835125449,1.1903226,9.889772032258065,26.63999964516129,3.248846972903226
12/1998,20.262690580645163,11.288232464157707,7.690020954301075,2.6419354287096772,9.759775367741936,30.599999354838708,2.467266835483871
12/1999,19.62787827419355,11.288526621863799,8.255200409946235,3.0258064258064516,9.652810903225808,31.12258,2.590348741935484
12/2000,19.387018548387097,11.28727835125448,6.012024956989247,3.4741936077419355,10.387487251612903,33.60774122580645,2.0855595212903224
12/2001,21.71497551612903,11.287724041218636,8.471205376344086,2.8096773838709677,9.694426438709677,29.578063806451613,2.5834331870967744
12/2002,22.434598903225808,11.288060098566309,8.710648328853047,2.8161291161290323,10.123676987096774,31.389676903225805,2.870450170967742
12/2003,18.309464612903223,11.288357535842295,5.428200529390681,1.7806452451612902,9.619091070967741,29.369031838709677,1.9372942687096775
12/2004,20.261010032258064,11.287163198924732,7.033697902777778,3.009677404516129,10.0882971,30.030967096774194,2.4555477280645164
12/2005,21.516857806451615,11.287613853046595,8.484229139784945,2.8838710735483875,9.17721181935484,27.569031645161292,2.6328076967741936
12/2006,21.40435693548387,11.28795034050179,7.461616858064516,4.490322570967742,9.327918854838709,30.030967096774194,2.399893173225806
12/2007,20.990378903225807,11.288282813620071,8.296109130824373,1.0354839129032258,9.304298812903225,27.10451564516129,2.8483872903225804
12/2008,20.328282483870968,11.28716724014337,7.3555443082437275,2.535483887096774,9.523445877419356,29.612902387096774,2.4618259141935486
12/2009,22.983389032258064,11.287627849462366,9.200648485663082,1.4483871435483873,9.12895804516129,26.98838635483871,3.2655951
12/2010,18.75549987096774,11.287982912186381,8.622733449820789,1.7419354774193547,10.835800354838709,32.29548338709677,2.6747345096774193
12/2011,20.114773451612905,11.288373055555555,7.7850518745519715,2.722580651612903,9.859899003225806,30.19354790322581,2.4515593516129033
12/2012,22.12062041935484,11.287297634408603,9.434444982078853,2.464516088709677,9.998504135483872,30.507096258064514,3.176904041935484
12/2013,21.625123967741935,11.287723073476702,7.83725425985663,3.5032257129032263,8.645565329032257,28.463225129032256,2.513950972258064
12/2014,20.132246387096774,11.288039480286738,7.35804827688172,2.4419355077419356,10.036972677419353,29.310967322580645,2.4491234838709675
12/2015,22.72767670967742,11.2884232437276,8.541742138530466,2.135483933870968,9.23928401935484,29.183225225806453,2.7874713000000004
12/2016,22.03802641935484,11.28733362903226,8.523047571684588,3.8032257787096775,9.339373838709676,32.42322538709678,2.670686629032258
12/2017,21.439547451612906,11.287687204301074,7.92800047016129,0.7129032225806452,19.700232951612904,49.48257958064516,2.7529644096774195
12/2018,21.69142893548387,11.287954480286738,8.785692948028673,1.5967741967741935,17.172859741935483,43.467095580645164,3.298571838709677
12/2019,22.47348570967742,11.288330519713263,9.678743602150536,1.4612903387096776,18.223331258064515,46.59096674193548,3.362988680645161
12/2020,21.48094541935484,11.287205555555555,9.500741458781363,1.6096774967741936,17.801113032258066,44.93032170967742,2.9551219322580646
12/2021,23.09001777419355,11.287517258064515,9.861464749103943,0.9903225838709677,16.702026290322582,41.574193225806454,3.6549773903225806
12/2022,22.510582387096772,11.287791639784945,9.824762231182795,1.0774193774193548,17.24291977419355,42.72387016129032,3.5610145838709677
12/2023,22.922678838709675,11.288220071684588,9.420209354838711,0.7419354967741936,19.565397612903226,45.1625795483871,3.360185864516129
12/2024,22.23948,11.287118593189964,7.274519169354839,2.4419355193548387,19.42716206451613,45.7432244516129,2.6524556032258064
