,Date,brl Exchange Rate,vnd Exchange Rate,hnl Exchange Rate,idr Exchange Rate,Coffee,Milk,Sugar,Tea,cop Exchange Rate,Negative_News_Ratio
0,1990-01,6.19400124211965e-06,5479.3295289855,2.0,1804.85,0.7582998657000001,0.04280778154910181,0.1420000076,1.1472725127232812,440.08,0.1583722662333265
1,1990-02,1.02393812191569e-05,5479.3295289855,2.0,1809.87,0.8401000976999999,0.0562773919935067,0.1465000153,0.9583964279558382,451.72,0.1592638715926387
2,1990-03,1.63152407482116e-05,5479.3295289855,4.0,1820.35,0.9395999146,0.07116653316894364,0.1531000137,0.8736199712422096,463.4,0.1601952047528113
3,1990-04,2.07245664420534e-05,5479.3295289855,4.0,1826.05,0.9373001099,0.07066533077578861,0.1524000168,0.8836443359853399,474.62,0.1611689814814814
4,1990-05,2.26027167523167e-05,5563.43086594202,4.2,1831.4,0.9201998901,0.07285935218943813,0.1461999893,0.8483094787310286,485.99,0.1621881708490635
5,1990-06,2.47152463731881e-05,6052.74773550724,4.2,1841.0,0.8826000976999999,0.0741060937095842,0.1297000122,0.8232257962823526,497.31,0.1632560254661209
6,1990-07,2.87854664027159e-05,6371.31340579709,4.2,1846.96,0.8648001099,0.07233076668350849,0.12,0.8608739524271758,508.35,0.1643761161580868
7,1990-08,3.10530948879187e-05,6371.31340579709,4.2,1854.92,0.9442001343,0.07931987115069486,0.1093000031,0.7917464374812893,519.94,0.1655523718560967
8,1990-09,3.2690634236775e-05,7900.42862318839,4.2,1860.35,0.9492001343,0.08090156057162073,0.1102000046,0.8402808647295227,530.54,0.1667891256429096
9,1990-10,4.11829894645649e-05,7900.42862318839,5.5,1865.85,0.9141000366,0.07525458856221938,0.0938999938999999,0.9988115725158986,540.46,0.168091168091168
10,1990-11,5.32862401275707e-05,8091.56802536231,5.4,1860.48,0.8483999634,0.07089252126462596,0.1006000137,1.03691341863904,551.33,0.1694638092779068
11,1990-12,6.68976368346475e-05,8282.70742753622,5.3,1891.68,0.8989001464999999,0.07531179497859185,0.09740001678,0.9976775902423094,563.38,0.1709129511677282
12,1991-01,8.36032212648539e-05,8919.83876811593,5.3,1907.54,0.8632000732,0.07168383315698744,0.08799999237,1.071341103682267,574.09,0.1672369546621043
13,1991-02,9.59656912909583e-05,8919.83876811593,5.3,1914.0,0.8957000732,0.0817698686499635,0.08509998322,0.9087734217234718,584.07,0.1637959589267969
14,1991-03,9.95700954232586e-05,9047.26503623187,5.3,1927.12,0.9372000122,0.08760759666305341,0.0913999939,0.8379675658390109,593.75,0.1605681271064034
15,1991-04,0.0001091296208503,9174.69130434781,5.3,1934.61,0.9226998901,0.08811622445241865,0.08509998322,0.8257205019459135,603.72,0.1575342465753424
16,1991-05,0.0001181317597338,9302.11757246375,5.3,1942.92,0.8758999634,0.08877521446706715,0.07588099957,0.7869270128185357,613.76,0.1546773462294091
17,1991-06,0.0001289090535879,9556.97010869564,5.3,1950.96,0.855,0.09104294830338222,0.09200000763,0.7425769824278108,624.15,0.1519823788546255
18,1991-07,0.0001423421558415,9684.39637681158,5.3,1956.65,0.8280825806,0.09314167097761185,0.103219986,0.6910311069481364,634.4,0.149435956018849
19,1991-08,0.0001606735952753,9964.73416666665,5.3,1961.35,0.8161880493,0.0911254490821434,0.09588298798,0.7353761537135652,645.56,0.1470261256253474
20,1991-09,0.0001856300584649,11723.2166666666,5.3,1966.05,0.8745098876999999,0.0950740725820968,0.09295501709,0.790572519073582,660.52,0.1447421843280552
21,1991-10,0.0002526640126608,11723.2166666666,5.3,1973.59,0.7986181641000001,0.08940083327955292,0.09125881195,0.8430182997523383,673.84,0.1425745185966763
22,1991-11,0.0003203964310504,11723.2166666666,5.4,1980.62,0.7851779175,0.0866058828635405,0.0863299942,0.8938955797370975,687.59,0.1405144694533762
23,1991-12,0.000414521621588,11723.2166666666,5.4,1988.4,0.7509667969,0.08425907747030909,0.09001903534,0.9009716182380636,630.38,0.1385542168674698
24,1992-01,0.0005181704190099,11821.5,5.4,1998.23,0.7303181818,0.08952412970748838,0.08424091339,0.7950435957217117,645.18,0.1370640713706407
25,1992-02,0.0006398953312843,11520.8,5.4,2006.63,0.69298,0.09029250347269568,0.07842999935,0.7371170628044743,635.53,0.1355911177273291
26,1992-03,0.0007852399311011,11532.5,5.4,2014.83,0.6989363636,0.08988618057461797,0.08250453949,0.7504104857072875,640.33,0.1341350601295097
27,1992-04,0.0009506642946037,11406.0,5.4,2019.61,0.6652227273,0.0816408968940489,0.09455715179,0.8748224047681687,649.16,0.1326956095168015
28,1992-05,0.0011375532330807,11305.5,5.4,2024.52,0.6079666667,0.07476998081117302,0.09613334656,0.9580630993096316,659.81,0.1312724833851594
29,1992-06,0.0013630740789765,11265.0,5.439884,2030.08,0.5944818182,0.07675709862076283,0.1034772873,0.9142487068066152,675.79,0.1298654056020371
30,1992-07,0.0016570998083088,11159.5,5.516105,2033.38,0.5834913043000001,0.07541342362518005,0.1031217575,0.93625747248959,704.5,0.1284741062277687
31,1992-08,0.0020218850669571,10988.5,5.552927,2033.92,0.5335380952,0.06944787247676174,0.09864761353,1.0027151740435991,693.72,0.1270983213429256
32,1992-09,0.0024976456402514,10953.0,5.64,2037.72,0.5167318182,0.06901528208080779,0.0931227493299999,1.002497499795883,697.11,0.1257377928814165
33,1992-10,0.0031222734270781,10911.0,5.78,2045.33,0.5083,0.07403989871145658,0.0870545577999999,0.910778308279885,707.65,0.1243922684691094
34,1992-11,0.0039150346144908,10848.0,5.84,2054.8,0.5251285714,0.07419391606787351,0.08559524536,0.923690714953144,722.43,0.1230615012677634
35,1992-12,0.0048277464247144,10715.0,5.83,2060.0,0.7513913042999999,0.07524022811982577,0.08148636818,1.0664989776015823,733.42,0.1217452498240675
36,1993-01,0.006084142431575,10512.5,5.83,2064.78,0.7181904762000001,0.07246466543358132,0.08237999916,1.0863291324582014,745.52,0.1200595776371083
37,1993-02,0.0077326953577116,10515.5,5.85,2066.63,0.674365,0.07954397225216565,0.08559499741,0.923313297529733,749.08,0.1186605665336318
38,1993-03,0.009723647202508,10529.5,5.86,2069.13,0.6468130435,0.08180660228357745,0.1062478256,0.8639942724823326,764.38,0.1174808235769075
39,1993-04,0.0124325328222407,10541.0,5.94,2070.73,0.5841454545,0.08274520876093681,0.1115380955,0.8062564133501465,771.79,0.1164725457570715
40,1993-05,0.0160293248199886,10559.0,6.11,2076.6316,0.6165904762000001,0.08584015214901267,0.1182800007,0.7840743384347416,779.71,0.1156008841664404
41,1993-06,0.0208182402706616,10585.0,6.34,2083.41,0.6319045455,0.08877004179255055,0.1039863682,0.7560110458945306,784.24,0.1148398343865765
42,1993-07,0.0271653037428911,10600.0,6.85,2093.0,0.7047909091,0.1165584845,0.09675000191,0.7493100715769612,795.08,0.1141695980328541
43,1993-08,0.035806114598423,10668.0,6.91,2097.38,0.7618727273,0.1142930321,0.09342272758,0.755741115929276,804.61,0.113574835632332
44,1993-09,0.0481175498680693,10755.0,6.91,2105.42,0.8112181818,0.116079612,0.09535908699,0.8165624738050096,809.66,0.1130434782608695
45,1993-10,0.0654433125470936,10772.5,6.96,2107.9048,0.7664333333000001,0.1154381737,0.1029476166,0.8912519976231732,814.45,0.1125659000057934
46,1993-11,0.0890613269334065,10812.0,7.24,2102.19,0.7923863636,0.1172765699,0.1007409096,0.8264462669303555,814.08,0.1121343295927651
47,1993-12,0.120905140525507,10841.5,7.26,2108.04,0.825526087,0.1157382055999999,0.1052260876,0.8450490025491922,803.56,0.1117424242424242
48,1994-01,0.169139966886882,10863.0,7.3,2116.9048,0.7958238095,0.1150113515,0.1029904747,0.7459480604367192,816.15,0.1094710621157515
49,1994-02,0.238364256267991,10872.0,7.5,2129.0,0.8320000000000001,0.1166421569,0.1082250023,0.7875733908791538,817.67,0.1071657411362665
50,1994-03,0.332407454016687,10924.0,7.63,2140.2173,0.8701478261,0.1183765961,0.1172913074,0.8459317424318025,819.76,0.1048256939961265
51,1994-04,0.480168911509362,10948.0,7.94,2147.95,0.9093761905,0.1168750534,0.1101350021,0.845107072420644,829.87,0.1024501300954033
52,1994-05,0.686121580165999,10961.0,8.2,2151.9473,1.171663636,0.1141083008,0.1157999992,0.8344226946140378,841.43,0.1000382346515184
53,1994-06,0.835,10976.0,8.686,2158.0,1.333613636,0.111947197,0.1204818153,0.8922018043925938,830.94,0.0975891677675033
54,1994-07,0.933,10986.0,8.7721,2164.27,2.0141,0.1140463620999999,0.1177428532,0.8245529515290617,819.06,0.0951020634568449
55,1994-08,0.899,10991.0,8.9484,2171.5217,1.991395652,0.1126689586,0.1209478283,0.833791335468244,814.82,0.0925760286225402
56,1994-09,0.865,10997.0,9.0379,2178.7727,2.186804545,0.1145081303,0.1259409046,0.9126438696918292,830.06,0.0900101419878296
57,1994-10,0.846,11000.0,9.1283,2184.0476,2.073138095,0.1133756415,0.1275809479,0.8654253159274614,839.32,0.08740345297592
58,1994-11,0.842,11024.0,9.3118,2189.2727,1.881163636,0.1134857814,0.1392590904,0.8088586754179858,830.03,0.0847549805358369
59,1994-12,0.85,11046.0,9.4001,2197.14,1.62265,0.1130555851,0.1467476177,0.7818150257187181,829.37,0.0820637119113573
60,1995-01,0.847,11047.0,9.1335,2203.68,1.710881818,0.1123622099,0.1479500007999999,0.7418897687583348,846.63,0.0829575402635432
61,1995-02,0.841,11053.0,9.0423,2209.75,1.67475,0.1135606862,0.1440750027,0.766747540619245,850.9,0.0838782546665081
62,1995-03,0.889,11053.0,9.1327,2215.0,1.792108696,0.1120710848,0.1459347819999999,0.7806034554707841,865.83,0.0848270867282274
63,1995-04,0.908,11049.0,9.1327,2222.3157,1.73237,0.1127255992999999,0.1360526276,0.7619190490878247,873.39,0.0858053444471684
64,1995-05,0.897,11050.0,9.224,2231.89,1.732456522,0.1115966586,0.1352227306,0.7456541136340958,876.95,0.0868144182282263
65,1995-06,0.914,11050.0,9.3162,2241.36,1.586031818,0.1121850703,0.1402045441,0.659992633197558,874.86,0.0878557874762808
66,1995-07,0.929,11046.0,9.5035,2251.57,1.402966667,0.1171348582,0.1359238052,0.6503166164690515,893.22,0.0889310278331297
67,1995-08,0.942,11041.0,9.5985,2262.0,1.509917391,0.1151209674,0.1298086929,0.6820472181146865,935.1,0.090041819132253
68,1995-09,0.953,11030.0,9.6945,2271.81,1.371380952,0.1169810962,0.1168999958,0.7411254520053343,964.17,0.09118995415587
69,1995-10,0.96,11015.0,9.8893,2280.86,1.270859091,0.1180711677999999,0.1183727264,0.8024507484283007,984.96,0.0923773482903095
70,1995-11,0.964,11011.0,10.139,2290.64,1.2526045449999998,0.1190378441,0.1198409080999999,0.7875198201957708,1000.58,0.0936060501890684
71,1995-12,0.968,11014.0,10.3432,2302.42,1.063680952,0.1238579705999999,0.1231000042,0.8149336203064474,988.15,0.0948782535684299
72,1996-01,0.975,11015.0,10.5517,2306.25,1.079617391,0.1222245356,0.1253363609,0.7911345270386734,1011.19,0.1009980988593155
73,1996-02,0.981,11013.0,10.7643,2317.5,1.247804762,0.1235857143,0.1281857109,0.8030082572053234,1029.64,0.1067660247955684
74,1996-03,0.9861,11013.0,10.9812,2330.762,1.20807619,0.1271380952,0.1289904785,0.765028433471528,1044.98,0.1122115384615384
75,1996-04,0.9902,11013.0,11.0647,2339.25,1.218831818,0.1347818182,0.1198380947,0.781855860873983,1050.93,0.117360937889748
76,1996-05,0.9953,11015.0,11.2535,2349.0,1.295956522,0.1427869565,0.1137772750999999,0.7988887123404487,1066.24,0.1222377367654201
77,1996-06,1.0013,11015.0,11.788,2344.0,1.2503,0.15521,0.1217399979,0.7767179881340095,1071.96,0.1268630234208658
78,1996-07,1.0069,11017.0,12.1496,2348.5,1.237008696,0.1763913043,0.1280695629,0.7265383730529524,1064.1,0.1312557656826568
79,1996-08,1.0134,11019.0,12.3723,2358.5,1.255077273,0.1808,0.1236636352999999,0.7618868653101215,1044.84,0.1354330708661417
80,1996-09,1.0193,11021.0,12.4892,2344.0,1.19812381,0.1878095238,0.1191571426,0.8499424159265543,1040.84,0.1394104084321475
81,1996-10,1.025,11052.0,12.5992,2344.0435,1.237769565,0.1600869565,0.1112391281,0.8324001587575184,1015.78,0.1432018014153978
82,1996-11,1.0304,11074.0,12.6534,2348.0,1.239138095,0.128952381,0.1072476196,0.8589761378378133,998.18,0.1468199916177703
83,1996-12,1.0373,11124.0,12.8694,2377.75,1.168936364,0.1235090909,0.1073799992,0.8969300759314532,1000.79,0.1502765826674861
84,1997-01,1.0429,11156.0,13.033,2393.0,1.31233913,0.1293695652,0.1069190502,0.8589085860601827,1027.06,0.1490738094619521
85,1997-02,1.0493,11185.0,12.7634,2403.0,1.663255,0.1374,0.1081299973,0.8780075772695523,1074.24,0.1478357146623082
86,1997-03,1.0567,11540.0,12.7447,2413.8,1.934080952,0.1387619048,0.1114099979,0.9669797824568408,1062.16,0.146560719158841
87,1997-04,1.0609,11652.0,13.0236,2426.8,2.054409091,0.1281590909,0.1129909134,1.0899406555324729,1060.65,0.1452471482889734
88,1997-05,1.0683,11655.0,13.0604,2438.3,2.6560590910000004,0.1193181818,0.1112818146,1.1465109642478069,1075.18,0.1438932244988004
89,1997-06,1.0746,11661.0,13.0705,2446.59,2.267609524,0.1196904761999999,0.1142904758,1.0196999913817348,1082.37,0.1424970593177617
90,1997-07,1.0807,11672.0,13.0798,2518.3,1.901582609,0.1159478261,0.1157217407,1.1102380664241458,1102.4,0.141056644570258
91,1997-08,1.0879,11688.0,13.0841,2800.37,1.910990476,0.1216761905,0.1170142841,1.1691851421106587,1132.7,0.1395698427382053
92,1997-09,1.0936,11706.0,13.0869,3055.3,1.908645455,0.1259409091,0.1133136368,1.1227703558889968,1222.49,0.1380343763772587
93,1997-10,1.1001,11844.0,13.0913,3616.3,1.691491304,0.1280956522,0.1138227272,1.1453515807712895,1262.89,0.136447816476492
94,1997-11,1.1073,12150.0,13.0961,3492.0,1.6031149999999998,0.12638,0.1201200008,1.20062145086228,1294.56,0.1348075696364023
95,1997-12,1.1136,12291.0,13.0942,4908.8,1.767795652,0.1293,0.1232666683,1.202253903166986,1296.7,0.1331108639228772
96,1998-01,1.1199,12292.0,13.1332,9662.5,1.769136364,0.1318727273,0.1151850033,1.4395819138899222,1323.16,0.1306376838291731
97,1998-02,1.1271,12632.0,13.1982,8950.0,1.78374,0.13255,0.1071949958999999,1.4929185319919085,1346.12,0.1281957410458234
98,1998-03,1.1337,12977.0,13.1619,9687.57,1.5839,0.1281272727,0.09842272758,1.1860705699848502,1357.1,0.1257844474761255
99,1998-04,1.1412,12985.0,13.2392,7950.0,1.50255,0.1226363635999999,0.0967681789399999,1.0616813523419004,1360.65,0.1234032296939021
100,1998-05,1.1481,12982.0,13.29,9897.3,1.38937619,0.1121095238,0.09225500107,0.8632095376981067,1386.28,0.1210515284888769
101,1998-06,1.1546,12984.0,13.3432,13535.0,1.266631818,0.1275090909,0.08098636627,0.9894988542243108,1386.61,0.1187287984288519
102,1998-07,1.1615,12974.0,13.383,13962.5,1.169413043,0.143473913,0.08624761581,1.026027147082037,1371.54,0.1164345074379676
103,1998-08,1.1717,13784.0,13.4603,11950.0,1.236471429,0.1527904762,0.08482380867,1.0784171421832334,1390.46,0.1141681363903586
104,1998-09,1.1809,13907.0,13.5456,10843.8,1.1294409090000002,0.1518727273,0.07229090691,1.0217180285037786,1520.52,0.1119291787185555
105,1998-10,1.1884,13907.0,13.616,8287.5,1.093872727,0.1591045455,0.0746272707,0.9516379380573524,1587.38,0.1097171400360109
106,1998-11,1.1937,13898.0,13.7079,7685.3,1.161219048,0.1659523809999999,0.08061429024,0.9378033402581852,1562.71,0.1075315377731589
107,1998-12,1.2054,13894.0,13.81,7752.0,1.17056087,0.1716347826,0.08076818466,0.936669357984596,1524.56,0.1053719008264462
108,1999-01,1.501115,13885.0,13.8679,8714.3,1.14227619,0.1582095238,0.08109000206,1.0205840462301894,1570.01,0.1048461185117133
109,1999-02,1.91288333333333,13880.0,13.9201,8726.0,1.04762,0.12194,0.068155,1.0217180285037786,1567.07,0.1043198529411764
110,1999-03,1.896,13901.0,13.9927,8886.8,1.051321739,0.1117956522,0.06025217391,1.0512015676170952,1550.15,0.1037931034482758
111,1999-04,1.69326842105263,13903.0,14.0463,8547.8,1.028286364,0.1158818182,0.0542190476199999,1.073881213088877,1574.67,0.1032658693652253
112,1999-05,1.68271428571429,13910.0,14.1334,7990.3,1.113547619,0.113347619,0.057485,1.0069762589471205,1641.33,0.1027381500230096
113,1999-06,1.76461904761905,13918.0,14.1922,7225.5,1.081172727,0.1159363636,0.06038636364,0.9400713048053632,1693.99,0.1022099447513812
114,1999-07,1.79951363636364,13944.0,14.2427,6808.8,0.9579181818,0.1341090909,0.0537818181799999,0.9325870217996752,1818.63,0.1016812528788576
115,1999-08,1.87995,13959.0,14.3143,7509.5,0.9149954545,0.1590409091,0.05723478261,0.948009180720487,1876.93,0.1011520737327189
116,1999-09,1.8973,13978.0,14.3689,8274.8,0.8452409090999999,0.1587454545,0.06674545455,1.084087053551179,1975.64,0.1006224066390041
117,1999-10,1.96871,14000.0,14.4045,7349.5,0.9275904762,0.125647619,0.06754285714,1.2700601464197911,1978.71,0.1000922509225092
118,1999-11,1.92909,14010.0,14.4666,7072.5,1.124509091,0.1058590909,0.06505,1.2609882882310786,1944.64,0.0995616059067835
119,1999-12,1.84203043478261,14030.0,14.5039,7156.0,1.231652174,0.09811304348,0.05982,1.037276265297421,1888.46,0.0990304709141274
120,2000-01,1.80292380952381,14041.0,14.5744,7278.8,1.118514286,0.09997619048,0.056295,1.0341918335132585,1923.57,0.101329469916482
121,2000-02,1.77449047619048,14058.0,14.625,7415.0,1.040414286,0.0969999999999999,0.05351,1.062541390352986,1950.64,0.1035582410204766
122,2000-03,1.74123333333333,14061.0,14.6751,7479.0,1.006526087,0.09589565217,0.051112,1.147952935199717,1956.25,0.1057199537113572
123,2000-04,1.76736842105263,14063.0,14.7101,7790.0,0.9465,0.09496,0.06011,1.1312607161324857,1986.77,0.1078175895765472
124,2000-05,1.82713181818182,14077.0,14.79,8407.5,0.9150608696,0.09432173913,0.06780869565,1.1430541317778122,2055.69,0.10985395602632
125,2000-06,1.80752857142857,14085.0,14.8149,8663.3,0.8689409091,0.09542272727,0.08334545455,1.0915259772659234,2120.17,0.1118316988294843
126,2000-07,1.79702380952381,14091.0,14.8736,9207.8,0.8765619048000001,0.1041952380999999,0.0964047619,1.1203744863060303,2161.34,0.1137533135817869
127,2000-08,1.80843913043478,14106.0,14.9416,8317.5,0.7930391304,0.1018434783,0.1059782609,1.1854650688100443,2187.38,0.1156211562115621
128,2000-09,1.83839,14162.0,15.0144,8610.3,0.758352381,0.1071333333,0.098575,1.1903638722319494,2213.76,0.1174374526156178
129,2000-10,1.8788380952381,14306.0,15.0694,9027.5,0.7676454545,0.09985454545,0.1041318182,1.1475900608721683,2176.61,0.1192043075082261
130,2000-11,1.94721,14452.0,15.1121,9378.3,0.7139045455,0.08704545455,0.095135,1.1377017354464716,2136.63,0.1209237125571787
131,2000-12,1.9625,14511.0,15.1407,9486.3,0.6590333332999999,0.0928285714299999,0.097175,1.1132530776278906,2186.21,0.1225975538730343
132,2001-01,1.95370909090909,14534.0,15.18,9487.0,0.656526087,0.0968913043499999,0.1005952381,1.0708874998866018,2241.4,0.1208855370392896
133,2001-02,2.00105555555556,14557.0,15.2274,9673.3,0.672755,0.10217,0.093625,1.0432636917019713,2243.42,0.1191649187844495
134,2001-03,2.08825,14552.0,15.2823,10178.8,0.6666590909,0.1133272727,0.08716818182,1.0197675789932052,2278.78,0.1174356341230837
135,2001-04,2.191655,14557.0,15.3325,11182.0,0.6599761905,0.1196095238,0.0805210526299999,0.9632045431865808,2323.1,0.1156976174134719
136,2001-05,2.29643181818182,14604.0,15.3872,11230.0,0.6963130434999999,0.1353391304,0.08959545455,0.8870916529832806,2346.93,0.1139508023492984
137,2001-06,2.375025,14769.0,15.4622,11313.0,0.6384619048,0.1493190476,0.08742857143,0.8663624570220719,2305.66,0.1121951219512195
138,2001-07,2.46522272727273,14897.0,15.5032,10707.0,0.5894136364,0.1526136364,0.08536190476,0.8894503361123459,2304.28,0.1104305085583026
139,2001-08,2.50983043478261,14979.0,15.5482,8828.8,0.5933130435,0.1548391304,0.07904347826,0.8969346191180341,2288.9,0.1086568938193344
140,2001-09,2.67086315789474,14099.0,15.6438,9306.5,0.58267,0.15776,0.07160666667,0.8659088641126362,2328.23,0.1068742086839949
141,2001-10,2.73937272727273,15022.0,15.7628,10115.5,0.5636782609000001,0.1436565217,0.06596086957,0.804038791265615,2320.65,0.1050823833938971
142,2001-11,2.542265,15063.0,15.851,10576.0,0.5884772727,0.1141863636,0.07278,0.7352287469042286,2310.47,0.1032813474734872
143,2001-12,2.3619,15069.0,15.9197,10532.3,0.565852381,0.1172380952,0.0741,0.7419419219638759,2306.9,0.1014710297208045
144,2002-01,2.3771,15101.0,16.0256,10377.3,0.5824304348,0.1182695652,0.0731380952399999,0.7843074997051648,2274.96,0.0994276127504194
145,2002-02,2.4188,15151.0,16.109,10229.3,0.59116,0.11691,0.0568315789499999,0.7706543531311518,2286.7,0.0974398909763457
146,2002-03,2.345845,15242.0,16.1912,9866.8,0.6407047618999999,0.106752381,0.059245,0.8853679999274252,2282.33,0.095505617977528
147,2002-04,2.3196,15214.0,16.2656,9403.0,0.6533681817999999,0.1084363636,0.0517818181799999,0.8420498770763216,2263.11,0.0936226665403202
148,2002-05,2.4796,15243.0,16.3405,9078.0,0.6146043478,0.1083521739,0.05611818182,0.7443006050929413,2310.24,0.0917890208547648
149,2002-06,2.713175,15303.0,16.4279,8748.8,0.585555,0.10311,0.05246,0.764304052399053,2364.25,0.0900027693159789
150,2002-07,2.9338347826087,15303.0,16.5003,8983.0,0.564773913,0.09353043478,0.0579476190499999,0.7957380410229429,2506.72,0.0882620978766062
151,2002-08,3.10930909090909,15329.0,16.5813,8920.3,0.5436409091000001,0.09535909091,0.0585681818199999,0.8249040650996545,2647.22,0.0865652839017367
152,2002-09,3.34124285714286,15339.0,16.6731,8963.8,0.6066619047999999,0.09849047619,0.064095,0.877384764721358,2751.23,0.0849106904825379
153,2002-10,3.80513043478261,15357.0,16.7779,9193.0,0.6573086957,0.1060478261,0.0702,0.821411399697,2827.86,0.0832967611691389
154,2002-11,3.5756,15376.0,16.8405,9059.0,0.6986809524,0.0981047618999999,0.07296842105,0.8095726247607299,2726.66,0.0817220150871412
155,2002-12,3.62511904761905,15396.0,16.9233,8912.0,0.6365590909000001,0.09813636364,0.07508,0.8333862525061008,2814.89,0.0801850424055512
156,2003-01,3.43755454545455,15433.0,16.9972,8890.0,0.6538347826,0.1071179051,0.0789047619,0.8273081075196633,2913.0,0.0801317694454352
157,2003-02,3.589955,15418.0,17.0626,8897.0,0.664085,0.1066441138,0.0834833333299999,0.8720323683900175,2951.86,0.0800806153086826
158,2003-03,3.44608947368421,15427.0,17.1423,8929.5,0.6174809524,0.1003385362,0.07843333333,0.871760212644356,2959.01,0.0800314560522654
159,2003-04,3.1179,15452.0,17.2084,8795.8,0.6469227273,0.103062025,0.07261904762,0.855022634286181,2926.62,0.0799841772151898
160,2003-05,2.95494285714286,15478.0,17.2535,8406.3,0.6609681817999999,0.1068068222,0.07013809524,0.8259473287913565,2858.94,0.0799386729287558
161,2003-06,2.882405,15486.0,17.3392,8235.8,0.6104666667,0.1073456076,0.06404761905,0.8933512351334925,2826.95,0.0798948451251571
162,2003-07,2.879,15510.0,17.4176,8368.5,0.6295130435,0.1259343685,0.06732272727,0.9275067812139962,2858.82,0.0798526028319709
163,2003-08,3.0017,15519.0,17.4843,8516.0,0.6389142857,0.1500069245,0.06709047619,0.8706715896617105,2867.29,0.0798118615418534
164,2003-09,2.922,15537.0,17.5642,8439.3,0.6641045455,0.1557895702999999,0.06271428571,0.8863659043281836,2840.08,0.0797725426482534
165,2003-10,2.8607,15573.0,17.637,8445.3,0.6428347825999999,0.1573581014,0.0609826086999999,0.9093630648365704,2876.2,0.0797345729392143
166,2003-11,2.913,15639.0,17.6948,8516.3,0.6227750000000001,0.1470658951,0.06191111111,0.9071858188712796,2844.55,0.0796978841424061
167,2003-12,2.92445454545455,15643.0,17.7482,8485.8,0.6488434783,0.1256853539,0.06343809524,0.9308633687438198,2807.2,0.0796624125154384
168,2004-01,2.85103333333333,15670.0,17.8179,8382.5,0.7202863636,0.12746829,0.06030526316,0.9199771389173644,2749.14,0.0811952151017043
169,2004-02,2.92951111111111,15728.0,17.8797,8432.0,0.762255,0.1298728704,0.05873157895,0.8985675535920024,2717.94,0.0826702763379444
170,2004-03,2.90465652173913,15754.0,17.985,8594.3,0.7805913043,0.1529811901,0.06496086957,0.8699004817156699,2670.8,0.0840907986195498
171,2004-04,2.905185,15727.0,18.066,8623.0,0.7553772727000001,0.2099139049,0.0686047619,0.8071685823407209,2639.6,0.0854597518294623
172,2004-05,3.09961904761905,15746.0,18.1349,8978.3,0.7744,0.2248451751,0.0662249999999999,0.8464950875887909,2719.43,0.0867798940641552
173,2004-06,3.12834761904762,15732.0,18.2012,9403.0,0.8221454545,0.1980186668,0.0751428571399999,0.8463590097159601,2716.56,0.0880537901814497
174,2004-07,3.03597727272727,15735.0,18.2789,9046.5,0.7496772727,0.1641502806,0.08165714286,0.8651377561665956,2653.32,0.0892838284326297
175,2004-08,3.0021,15762.0,18.3624,9256.0,0.7360818182,0.1548884159,0.07879090909,0.9364425615298784,2598.59,0.0904722354057902
176,2004-09,2.89034761904762,15755.0,18.4412,9166.0,0.8046590909,0.1600700537,0.08674285714,1.0919342108844154,2552.78,0.0916210894771384
177,2004-10,2.852055,15755.0,18.515,9093.3,0.8055095238,0.155519224,0.08963809524,0.9151690540773468,2580.7,0.0927323329412102
178,2004-11,2.78524,15812.0,18.5632,9037.5,0.9026772727,0.1619324395,0.08666,0.8731663506636065,2530.19,0.093807782968933
179,2004-12,2.71736086956522,15776.0,18.6328,9253.8,1.043882609,0.1799609693,0.08795238095,0.915259772659234,2411.37,0.0948491415235872
180,2005-01,2.6922,15817.0,18.7043,9195.3,1.0716428569999998,0.1540769001,0.08922,1.0735183387613283,2362.96,0.0947139893098094
181,2005-02,2.597,15794.0,18.7534,9236.3,1.208325,0.1614723501,0.09323684211,1.1707232992533865,2340.49,0.0945817361281026
182,2005-03,2.7039,15815.0,18.7846,9391.3,1.347778261,0.1556389426,0.08895,1.0955175948689573,2353.71,0.0944522896913455
183,2005-04,2.5784,15817.0,18.8445,9542.5,1.295295238,0.1599930503,0.08525714286,0.8650470375847086,2350.01,0.0943255615884169
184,2005-05,2.452,15844.0,18.8569,9476.3,1.283977273,0.1507130672,0.08511428571,0.9086373161814736,2339.22,0.094201467082823
185,2005-06,2.4127,15865.0,18.8649,9632.8,1.211559091,0.1533164021,0.09033181818,1.0133719189701629,2331.79,0.0940799249237506
186,2005-07,2.3727,15872.0,18.8693,9798.5,1.099285714,0.1587238053,0.095975,0.9134454010214912,2323.38,0.0939608571686599
187,2005-08,2.35983043478261,15877.0,18.8717,9966.3,1.08203913,0.150912453,0.0987521739099999,0.9608458600575156,2306.19,0.0938441890166028
188,2005-09,2.2936,15885.0,18.8901,10218.8,0.9949090909,0.1569510582,0.1081047619,1.0179078480645192,2294.52,0.0937298486515191
189,2005-10,2.25565,15905.0,18.8953,10090.0,1.050990476,0.1580996725,0.1161285713999999,0.959666518492983,2292.55,0.0936177670948196
190,2005-11,2.21,15908.0,18.8953,10067.5,1.077422727,0.1488156365,0.11808,0.8834629097077956,2279.85,0.0935078780666195
191,2005-12,2.2847,15908.0,18.8952,9841.3,1.059245455,0.1474789242,0.1392714286,0.9156226469867824,2278.91,0.0934001178550383
192,2006-01,2.2731,15924.0,18.8952,9448.8,1.241986364,0.1471585137,0.16187,1.0205840462301894,2273.66,0.0931442022109116
193,2006-02,2.1611,15924.0,18.8952,9250.0,1.191215,0.1358204894,0.1805263158,1.265070624415999,2256.24,0.09288630458988
194,2006-03,2.1512,15914.0,18.8952,9125.8,1.136604348,0.1235064756999999,0.1708217391,1.1781622229681306,2262.36,0.0926264018778643
195,2006-04,2.1285,15930.0,18.8952,8922.5,1.153375,0.1203126235,0.1746263158,1.0453048597944317,2334.29,0.09236447059997
196,2006-05,2.1773,15973.0,18.8952,9055.0,1.096295652,0.1192253393,0.1690045455,1.0807304660213553,2417.99,0.0921004869134195
197,2006-06,2.2475,15989.0,18.8952,9367.5,1.031495455,0.1254169392,0.1568909091,1.1346173036623093,2542.24,0.0918344266003166
198,2006-07,2.1885,15997.0,18.8952,9123.8,1.04997619,0.1263666667,0.15857,1.1966234543821612,2511.74,0.0915662650602409
199,2006-08,2.1551,16011.0,18.8952,9085.0,1.1173,0.1270521739,0.1297956522,1.1213723907067883,2389.65,0.0912959773026649
200,2006-09,2.1679,16038.0,18.8951,9158.8,1.098266667,0.1262904762,0.123135,1.0424018651740437,2398.88,0.0910235379391904
201,2006-10,2.1475,16065.0,18.8952,9170.0,1.106331818,0.1282454545,0.1150909091,1.0172728179913093,2364.29,0.0907489211755994
202,2006-11,2.1571,16093.0,18.8951,9136.3,1.222654545,0.1376136364,0.11732,0.9671961607896143,2290.46,0.0904721008037122
203,2006-12,2.14912,16073.0,18.8952,9068.3,1.283561905,0.1362285714,0.116965,1.086672533134962,2261.33526315789,0.0901930501930502
204,2007-01,2.1377,16061.0,18.8951,9077.5,1.246943478,0.1406434783,0.1090349999999999,1.1326214948607924,2237.06,0.0903067140690903
205,2007-02,2.0955,15994.0,18.8951,9085.0,1.22032,0.14638,0.1057157894999999,0.9638849325507344,2227.63,0.0904181492416786
206,2007-03,2.0879,16012.0,18.8951,9159.0,1.170836364,0.1519681818,0.1036681818,0.922018307009825,2201.39,0.090527420624508
207,2007-04,2.0312,16039.0,18.8951,9099.8,1.146947619,0.1598094666999999,0.09594,0.8711251825711461,2144.6,0.0906345906345906
208,2007-05,1.9808,16062.0,18.8951,8794.5,1.133269565,0.1860564522,0.09086363636,0.8620079650914897,2007.91,0.0907397193111478
209,2007-06,1.9311,16109.0,18.8951,9010.5,1.193280952,0.2011570714,0.0926047619,0.9164844735147102,1923.76,0.09084286442777
210,2007-07,1.882,16139.0,18.8951,9081.8,1.176331818,0.2121453864,0.09895714286,0.9612087343850644,1950.87,0.0909440815982872
211,2007-08,1.9652,16240.0,18.8951,9368.5,1.231508696,0.1999042739,0.09613043478,0.9543141221616424,2058.28,0.0910434243767577
212,2007-09,1.8988,16238.5,18.8951,9276.5,1.280435,0.202154935,0.09851052632,1.048933603069917,2117.05,0.0911409443519535
213,2007-10,1.8002,16109.0,18.8951,9104.8,1.342908696,0.1876434173999999,0.09994782609,1.01740889586414,2003.26,0.0912366912366912
214,2007-11,1.7691,16141.0,18.8951,9282.3,1.310454545,0.1915817635999999,0.09896,0.950912175340875,2047.72,0.0913307129523345
215,2007-12,1.7852,16117.0,18.8951,9351.8,1.380428571,0.2038761047999999,0.1044631578999999,0.9346281898921356,2014.2015,0.0914230557087699
216,2008-01,1.7735,16104.0,18.8951,9394.8,1.3982260869999998,0.1952825348,0.1165952381,1.0419029129736643,1980.59,0.0925555172017029
217,2008-02,1.7269,16070.0,18.8952,9164.0,1.572895238,0.1719666381,0.136075,1.2005243534033077,1903.27,0.0936909535001613
218,2008-03,1.7068,16004.0,18.8982,9185.8,1.492204762,0.1802380476,0.128765,1.117153976649037,1846.9,0.0948293763411088
219,2008-04,1.6881,15960.0,18.9714,9212.0,1.407045455,0.1689772135999999,0.1252272727,1.1834692600085277,1796.13,0.0959707975233342
220,2008-05,1.6597,16022.0,18.9177,9300.3,1.420436364,0.1812817409,0.109347619,1.202656240077655,1778.01,0.0971152289078585
221,2008-06,1.6181,16347.0,18.8968,9283.5,1.461495238,0.2016856619,0.120652381,1.2905625459262822,1712.28,0.098262682418346
222,2008-07,1.5906,16507.0,18.8952,9145.3,1.473569565,0.1835390696,0.1320772727,1.3039888960455772,1783.09,0.0994131700415188
223,2008-08,1.6115,16495.0,18.8951,9149.25,1.464280952,0.1739047,0.1368142856999999,1.4601155754733242,1844.29,0.1005667038275733
224,2008-09,1.7988,16508.0,18.8951,9372.8,1.4326909090000002,0.1641635591,0.1402047619,1.4587094374540737,2066.04,0.1017232958906021
225,2008-10,2.1721,16517.0,18.8951,10100.0,1.235869565,0.1680043,0.1170217391,1.280901016955303,2289.17,0.1028829584090168
226,2008-11,2.2655,16493.0,18.8951,11836.0,1.21886,0.15464,0.1182842104999999,1.0931589117398917,2329.16,0.1040457036259764
227,2008-12,2.3936,16600.0,18.8951,11243.8,1.187921739,0.1522086957,0.1132,1.0363690794785496,2252.72,0.1052115438498178
228,2009-01,2.30664285714286,16973.0,18.8951,11178.5,1.278072727,0.1092409091,0.12244,1.1865536917926898,2252.98,0.1052522650968127
229,2009-02,2.3119,16976.0,18.8951,11866.3,1.294815,0.0933799999999999,0.1331210525999999,1.224700855476227,2513.74,0.1052917723812975
230,2009-03,2.32954375,16973.0,18.8951,11847.5,1.2852,0.1035863636,0.1292818182,1.1923143217425227,2477.21,0.1053301191911075
231,2009-04,2.2051,16938.0,18.8951,10978.3,1.3507818180000002,0.1076227273,0.1346952381,1.2583120900654083,2379.36,0.1053673559172899
232,2009-05,2.07264736842105,16938.0,18.8951,10339.5,1.50492381,0.09823333333,0.15466,1.3063475791746424,2229.95,0.1054035300750249
233,2009-06,1.95777619047619,16949.0,18.8951,10209.3,1.4978136359999998,0.09897272727,0.1657590909,1.302446680153496,2090.04,0.1054386865059004
234,2009-07,1.93615263157895,16961.0,18.8951,10095.8,1.408978261,0.1001217391,0.1780454544999999,1.5315564587094377,2052.68,0.1054728675633511
235,2009-08,1.84372380952381,16968.0,18.8951,9984.5,1.497619048,0.1113714286,0.2171999999999999,1.4895083960047537,2018.97,0.1055061132828744
236,2009-09,1.821375,16984.0,18.8951,9816.8,1.4851,0.1195272727,0.2345142857,1.698297212217979,1980.77,0.1055384615384615
237,2009-10,1.7373,17002.0,18.8951,9445.5,1.5457227270000002,0.1279227273,0.2316090909,1.563852273861255,1904.86,0.1055699481865285
238,2009-11,1.72417647058824,17177.0,18.8951,9459.5,1.522104762,0.1402666667,0.2276899999999999,1.6376971995173772,1973.57,0.1056006071984979
239,2009-12,1.7468,17942.0,18.8951,9457.75,1.57943913,0.1470434783,0.2490272727,1.6974353856900513,2017.05,0.1056304707830612
240,2010-01,1.77218,17941.0,18.8951,9296.5,1.586557143,0.1438904762,0.2190526316,1.536167986773231,1978.19,0.1050240203739075
241,2010-02,1.84656,18243.0,18.8951,9346.5,1.5785650000000002,0.142685,0.2197894737,1.5075160345093488,1952.89,0.1044429332426612
242,2010-03,1.78634782608696,18544.0,18.8951,9168.5,1.645026087,0.1306608696,0.1814782609,1.5086894598615634,1909.1,0.1038856508465168
243,2010-04,1.75847619047619,18544.0,18.8951,9017.3,1.693895455,0.1287954545,0.1688571428999999,1.4224261283123625,1940.36,0.1033507397737162
244,2010-05,1.80273888888889,18544.0,18.8951,9225.5,1.7336904759999998,0.1330571428999999,0.15105,1.297923710662155,1984.36,0.1028368794326241
245,2010-06,1.80776818181818,18544.0,18.8951,9153.0,1.909031818,0.1353636364,0.163,1.1900628516479033,1925.9,0.102342851166196
246,2010-07,1.77052380952381,18544.0,18.8951,9032.0,2.0321363640000003,0.1373409091,0.1769,1.1756303499015706,1874.52,0.1018675286029449
247,2010-08,1.75914285714286,18723.0,18.8951,8987.8,2.1159,0.1507409091,0.1860363636,1.4292300219538967,1819.06,0.1014098690835851
248,2010-09,1.72078571428571,18932.0,18.8951,8965.3,2.227131818,0.1617226727,0.2266952381,1.5294328192613695,1805.6,0.1009689060260022
249,2010-10,1.67707058823529,18932.0,18.8951,8928.5,2.174390476,0.1679904,0.2694380952,1.5415679024049496,1808.46,0.1005437421108845
250,2010-11,1.71217647058824,18932.0,18.8951,8948.0,2.335127273,0.1570636182,0.2642047619,1.5044852092424097,1863.67,0.1001335431869127
251,2010-12,1.69695,18932.0,18.8951,9016.3,2.49443913,0.1389782609,0.2804090909,1.5972386842176882,1925.86,0.0997375328083989
252,2011-01,1.67337894736842,18932.0,18.8951,9049.5,2.637657143,0.1343380952,0.2973684211,1.669653899991835,1866.64,0.0983962592263399
253,2011-02,1.66784736842105,20318.0,18.8951,8894.0,2.8838850000000003,0.16383495,0.2930631579,1.58644120075115,1882.61,0.0970830720283891
254,2011-03,1.65859130434783,20673.0,18.8951,8748.0,2.920673913,0.1920694783,0.259,1.499814815705201,1884.38,0.0957970981585341
255,2011-04,1.592325,20714.0,18.8951,8629.5,3.004771429,0.1670570571,0.23903,1.4756889318794169,1812.77,0.0945375003745542
256,2011-05,1.61227619047619,20678.0,18.8951,8557.5,2.910659091,0.1648044635999999,0.2184095238,1.4863414928649836,1801.65,0.0933034754302578
257,2011-06,1.58712727272727,20622.0,18.8951,8565.5,2.7498090910000004,0.1888772364,0.2492454545,1.515206495904056,1782.54,0.0920942523673199
258,2011-07,1.56362,20610.0,18.8383,8526.8,2.680214286,0.2106570762,0.29471,1.615438747267103,1761.75,0.0909090909090909
259,2011-08,1.5956652173913,20618.0,18.8869,8550.3,2.704404348,0.2151086348,0.2887434783,1.6246514728161774,1785.04,0.0897472799493408
260,2011-09,1.73819523809524,20628.0,18.9615,8722.8,2.748804545,0.1901999590999999,0.2663857142999999,1.643243403851911,1836.15,0.0886081361294598
261,2011-10,1.77978421052632,20708.0,19.024,8891.0,2.478238095,0.1791285286,0.2629857143,1.6199746763614593,1910.38,0.0874910024981299
262,2011-11,1.77401764705882,20803.0,18.9715,9035.0,2.450872727,0.1890862909,0.2451761905,1.593348183813991,1918.21,0.0863952472479468
263,2011-12,1.83111666666667,20813.0,19.0484,9075.3,2.362977273,0.1858362955,0.234152381,1.5121138173472073,1934.08,0.0853202625238847
264,2012-01,1.791665,20828.0,19.1235,9073.8,2.372068182,0.1712090364,0.2402049999999999,1.529845176493001,1852.12,0.0852264085724161
265,2012-02,1.71965,20828.0,19.199,9048.0,2.24157619,0.162285619,0.23416,1.5467518211755316,1783.56,0.0851328215607223
266,2012-03,1.79017727272727,20828.0,19.2782,9184.0,2.012559091,0.1554318136,0.2378818181999999,1.5467518211755316,1766.34,0.0850395003515738
267,2012-04,1.85033809523809,20828.0,19.3362,9176.75,1.914485714,0.1571809524,0.22477,1.5467518211755316,1775.06,0.0849464438141917
268,2012-05,1.97499545454545,20828.0,19.4161,9321.25,1.843647826,0.152373913,0.2026545455,1.5467518211755316,1793.28,0.0848536508242022
269,2012-06,2.04777142857143,20828.0,19.4927,9449.0,1.686866667,0.1561095238,0.2009809524,1.5467518211755316,1792.63,0.0847611202635914
270,2012-07,2.02927619047619,20828.0,19.5733,9418.25,1.904459091,0.1653317636,0.2275714286,1.5675626638604387,1784.43,0.0846688510206599
271,2012-08,2.02999565217391,20828.0,19.6578,9505.25,1.748243478,0.1778651478,0.2056130435,1.601986552784607,1806.34,0.0845768419899789
272,2012-09,2.02847368421053,20828.0,19.7317,9578.0,1.78977,0.188869945,0.2020631579,1.6249143466901328,1803.18,0.0844850920723454
273,2012-10,2.030615,20828.0,19.8057,9603.25,1.733173913,0.2087434087,0.2038869565,1.6699539662164002,1804.97,0.0843936001747392
274,2012-11,2.06046,20828.0,19.8876,9625.25,1.599063636,0.2084999227,0.1931333333,1.669742026743838,1820.29,0.0843023652102787
275,2012-12,2.08340555555556,20828.0,19.9623,9656.75,1.5270761899999998,0.187752319,0.19202,1.5940873370467474,1793.94,0.0842113860981785
276,2013-01,2.032565,20828.0,20.041,9702.75,1.570373913,0.1804173391,0.1884571429,1.5370678098719963,1770.01,0.084196837998768
277,2013-02,1.97361052631579,20828.0,20.1163,9697.25,1.49459,0.17200995,0.1820789474,1.455596580363056,1791.48,0.0841821285030006
278,2013-03,1.98153157894737,20828.0,20.1805,9709.42,1.498080952,0.1697094619,0.18339,1.3489640010523356,1809.89,0.0841672549101025
279,2013-04,2.00311428571429,20828.0,20.2563,9724.05,1.497868182,0.1752454,0.1766227273,1.2079663012219797,1829.96,0.0841522144587033
280,2013-05,2.02923181818182,20828.0,20.3399,9760.91,1.4718608699999998,0.1854781913,0.1742636364,1.2354287877275905,1850.12,0.0841370043251263
281,2013-06,2.16629444444444,20845.0,20.4164,9881.53,1.382595,0.18082494,0.16956,1.1522269901388902,1909.5,0.0841216216216216
282,2013-07,2.246445,21036.0,20.4632,10073.13,1.383873913,0.1741607782999999,0.1709636364,1.161902034817792,1900.59,0.0841060633945382
283,2013-08,2.33845454545455,21036.0,20.4743,10572.5,1.351540909,0.1798317545,0.1724409091,1.1250979003184225,1903.66,0.0840903266224335
284,2013-09,2.272535,21036.0,20.5467,11346.24,1.322814286,0.1810190143,0.1761899999999999,1.0455060246210233,1919.4,0.0840744082141169
285,2013-10,2.19458235294118,21036.0,20.5407,11366.9,1.286986957,0.1823738696,0.188126087,1.0057025174406475,1885.91,0.0840583050066255
286,2013-11,2.28878947368421,21036.0,20.5855,11613.1,1.220180952,0.1881284905,0.177485,1.0671114468706626,1922.14,0.0840420137631293
287,2013-12,2.34591578947368,21036.0,20.5975,12087.1,1.257354545,0.1902272182,0.165447619,1.1144112513721187,1934.08,0.0840255311707615
288,2014-01,2.381565,21036.0,20.6458,12179.65,1.325182609,0.2065042913,0.1570761905,1.12944266313469,1960.41,0.0822711640115463
289,2014-02,2.38811052631579,21036.0,20.6897,11935.1,1.736435,0.229259955,0.1688526316,1.1656321724378806,2040.51,0.0805241543440089
290,2014-03,2.32819473684211,21036.0,20.7511,11427.05,2.140866667,0.231180881,0.1788809524,1.0783069839700266,2022.19,0.0787844559810587
291,2014-04,2.23479047619048,21036.0,20.8045,11435.75,2.234940909,0.2402544818,0.1821476189999999,1.0133567993577126,1939.27,0.0770520231213872
292,2014-05,2.22028095238,21036.0,20.8604,11525.94,2.142027273,0.2265726726999999,0.1824047619,0.995733202547378,1915.46,0.0753268103454491
293,2014-06,2.23486,21120.0,20.97,11892.62,1.978909524,0.2143713667,0.1824190476,1.0146691946911488,1888.1,0.0736087726114924
294,2014-07,2.22154090909091,21246.0,20.98,11689.0555555556,1.968952174,0.2143607957,0.1873045455,1.054122574411917,1858.4,0.0718978652516389
295,2014-08,2.26935238095238,21246.0,21.1066,11706.05,2.129652381,0.2202142143,0.177247619,1.069468402264336,1899.07,0.0701940439680128
296,2014-09,2.32724285714286,21246.0,21.2381,11849.86,2.105263636,0.2419999409,0.1654428571,1.0566658503506274,1971.34,0.0684972648289177
297,2014-10,2.45041904761905,21246.0,21.3047,12144.87,2.252856522,0.2400695,0.1647565217,1.162081368217652,2047.03,0.0668074842650605
298,2014-11,2.54636666666667,21246.0,21.4254,12158.3,2.09376,0.220129935,0.1587894737,1.1037620995908592,2127.25,0.0651246590658225
299,2014-12,2.6327,21246.0,21.5124,12438.29,1.93386087,0.1804955956999999,0.1499227273,1.103618632689534,2344.23,0.0634487463755756
300,2015-01,2.63353684210526,21436.0,21.7097,12579.0952380952,1.896263636,0.1599454045,0.150625,1.2229651064582558,2397.69,0.0629803052507416
301,2015-02,2.80445555555556,21458.0,21.8025,12749.84,1.7888849999999998,0.157215,0.1451210526,1.3442304492384176,2420.38,0.0625062923384487
302,2015-03,3.112635,21458.0,21.9032,13066.82,1.607359091,0.1549636364,0.1284090909,1.395076400014515,2586.58,0.0620266076350456
303,2015-04,3.05796818181818,21458.0,21.9981,12947.76,1.6399772730000002,0.1575909,0.1291095238,1.3187699771389174,2495.36,0.0615411487292946
304,2015-05,3.05177894736842,21673.0,21.8764,13140.53,1.584828571,0.1626332476,0.127035,1.4234045014560337,2439.09,0.0610498107294786
305,2015-06,3.11550454545455,21673.0,21.9052,13313.24,1.59755,0.1668226818,0.1211363635999999,1.6142464460995547,2554.94,0.0605524861878453
306,2015-07,3.2147,21764.81,21.9707,13374.79,1.544465217,0.1627955913,0.1187863636,1.8281261523527863,2731.9,0.0600490650222719
307,2015-08,3.50227142857143,21890.0,21.9644,13781.75,1.569233333,0.163976119,0.106747619,1.7569136558681315,3023.29,0.0595394344350316
308,2015-09,3.89092380952381,21890.0,21.983,14396.1,1.4614681820000002,0.1594272636,0.1213714286,1.683803406936343,3073.12,0.0590234788285347
309,2015-10,3.88556666666667,21890.0,22.0724,13795.86,1.532504545,0.1560954545,0.1414181818,1.7773584563326108,2937.85,0.0585010797179142
310,2015-11,3.78483888888889,21890.0,22.2162,13672.57,1.479785714,0.1540428570999999,0.14843,1.6046936356378878,2996.67,0.0579721156403145
311,2015-12,3.86867272727273,21890.0,22.3676,13854.6,1.486121739,0.1450217391,0.1476272726999999,1.5580498344385882,3244.51,0.0574364620607395
312,2016-01,4.04572631578947,21904.83,22.538,13889.05,1.4543476190000002,0.1368952381,0.1429105263,1.4507058985221943,3284.03,0.0581731833764726
313,2016-02,3.96851,21888.81,22.6079,13515.7,1.4769714289999998,0.1382238095,0.13314,1.303003375638432,3357.5,0.0589078487884471
314,2016-03,3.72143913043478,21874.78,22.6359,13193.14,1.576313043,0.1379391304,0.1543045455,1.1961547418602754,3145.26,0.0596404668905182
315,2016-04,3.56964761904762,21888.89,22.5836,13179.86,1.5421761900000002,0.1370333333,0.1499809524,1.0794854614400669,2998.71,0.0603710462287104
316,2016-05,3.53008095238095,21888.08,22.6631,13419.65,1.551945455,0.1287136364,0.1668428571,1.1215356841541853,2988.38,0.0610995953015497
317,2016-06,3.44139090909091,21881.69,22.7892,13355.05,1.654522727,0.1339318182,0.1933727273,1.2197778605836835,2991.68,0.061826122560393
318,2016-07,3.275795,21871.81,22.871,13118.8235294118,1.717638095,0.1523666667,0.19687,1.2705952422639728,2963.99,0.0625506364097555
319,2016-08,3.20905652173913,21860.85,22.8969,13165.0,1.675413043,0.1680955913,0.2001434782999999,1.2515688068692112,2963.82,0.0632731452076339
320,2016-09,3.25577142857143,21941.08,23.0306,13118.24,1.7629545450000002,0.1651272044999999,0.2135238095,1.3515798641035643,2921.15,0.0639936572658285
321,2016-10,3.185245,22003.0,23.1019,13017.2380952381,1.789552381,0.1492714286,0.2291666667,1.3831398508586514,2932.61,0.0647121808502616
322,2016-11,3.34143,22078.0,23.3804,13310.5,1.841154545,0.1664817455,0.2086857143,1.4905063004055124,3106.4,0.0654287241812938
323,2016-12,3.35166818181818,22138.19,23.5029,13417.67,1.617809091,0.1723590318,0.1883,1.527065888906025,3009.53,0.0661432954340371
324,2017-01,3.19598636363636,22172.14,23.6225,13358.7142857143,1.686127273,0.1682817727,0.205375,1.6725543027823389,2944.65,0.0656805596036141
325,2017-02,3.10358888888889,22221.78,23.5464,13340.8421052632,1.66351,0.168604935,0.2040578947,1.7366929448158868,2881.68,0.0652456606547181
326,2017-03,3.12733043478261,22254.19,23.494,13345.5,1.601504348,0.1581478217,0.1805956521999999,1.6152572352604986,2943.49,0.0648361600526922
327,2017-04,3.13557222222222,22324.57,23.4745,13306.3888888889,1.55574,0.1525699999999999,0.1631684211,1.64244420036106,2873.55,0.0644498960055463
328,2017-05,3.20870454545455,22373.19,23.4654,13323.35,1.5,0.1554217391,0.1568909091,1.6850179840516737,2924.0,0.0640849452885961
329,2017-06,3.29476666666667,22415.5,23.4445,13298.25,1.432227273,0.1627544909,0.1353,1.7291747933884298,2958.36,0.0637395912187736
330,2017-07,3.2055380952381,22438.71,23.4011,13342.0952380952,1.498028571,0.1557619048,0.14119,1.6846336978708352,3038.76,0.0634122966530692
331,2017-08,3.15031304347826,22442.19,23.3801,13341.8181818182,1.498773913,0.1639260434999999,0.1379608696,1.6450266036777312,2972.62,0.0631016811149959
332,2017-09,3.13419,22445.58,23.3934,13303.4736842105,1.465604762,0.1629380476,0.13931,1.6398515499269717,2918.49,0.0628065013310914
333,2017-10,3.1906380952381,22464.85,23.5249,13526.0,1.407095455,0.1666908272999999,0.1423181818,1.643869087189629,2955.06,0.062525634598733
334,2017-11,3.258735,22451.04,23.5763,13527.3636363636,1.409040909,0.1659544773,0.1496666667,1.5648845415536463,3013.17,0.062258064516129
335,2017-12,3.29131,22437.3,23.5879,13556.2105263158,1.373061905,0.1546666667,0.1443249999999999,1.4556347932977112,2991.42,0.0620028686921371
336,2018-01,3.20998636363636,22410.65,23.5833,13380.3636363636,1.38876087,0.1404478261,0.1397952381,1.480719419219639,2867.68,0.0614747631924003
337,2018-02,3.24090555555556,22439.05,23.5868,13590.0526315789,1.362835,0.13536,0.1357263158,1.5717612286924731,2860.0,0.0609451787601747
338,2018-03,3.27861428571429,22454.44,23.6399,13758.2857142857,1.349390909,0.1420727273,0.1282571429,1.5026161188776297,2852.46,0.0604141091742368
339,2018-04,3.4069,22488.0,23.6594,13802.9523809524,1.343395238,0.1444333333,0.1182428571,1.4171061747602764,2765.96,0.0598815481784207
340,2018-05,3.63546190476191,22575.04,23.9126,14059.7,1.3560956519999998,0.1519913043,0.1182727273,1.3303142228592686,2862.95,0.0593474894813728
341,2018-06,3.77257142857143,22597.31,23.9848,14036.1428571429,1.340338095,0.1532904762,0.1206190475999999,1.3011271702152754,2893.22,0.0588119267563036
342,2018-07,3.82813636363636,22647.5,23.9769,14414.5,1.305986364,0.1434954545,0.111552381,1.2960251662418014,2885.55,0.058274853640738
343,2018-08,3.92915652173913,22679.26,24.0297,14559.8571428571,1.252108696,0.1515739043,0.1045521738999999,1.2396762462465187,2959.57,0.0577362637362637
344,2018-09,4.11594736842105,22699.88,24.0568,14868.7368421053,1.2118,0.16206493,0.1078368421,1.3024049051537228,3037.8,0.0571961506082765
345,2018-10,3.75780454545455,22719.81,24.1075,15178.8695652174,1.373417391,0.1563869478,0.1318478260999999,1.288674597889886,3080.48,0.0566545077857245
346,2018-11,3.786015,22730.62,24.3041,14696.8571428571,1.371077273,0.1453772727,0.1279238095,1.2620624393319484,3198.13,0.0561113287608495
347,2018-12,3.884405,22783.04,24.3388,14496.9473684211,1.270585714,0.138647619,0.125535,1.242154795384239,3212.48,0.0555666069889264
348,2019-01,3.74105454545455,22850.7,24.3365,14163.1363636364,1.283573913,0.1403173913,0.1268095238,1.22818945305767,3161.91,0.0565773976598531
349,2019-02,3.723025,22902.78,24.4283,14035.2105263158,1.28454,0.14105,0.1292894737,1.2673163420453413,3115.15,0.0575801429636451
350,2019-03,3.84588421052632,22952.73,24.4316,14211.0,1.238885714,0.1502428571,0.1247380952,1.219352143226497,3125.34,0.0585749385749385
351,2019-04,3.89555714285714,22996.75,24.4379,14142.5789473684,1.209904545,0.1583727273,0.1253571429,1.1808145898159323,3155.22,0.059561878657356
352,2019-05,4.00091818181818,23054.54,24.4877,14392.8095238095,1.205491304,0.1633521,0.11825,1.2409326142373742,3310.49,0.0605410558932189
353,2019-06,3.85822631578947,23059.68,24.5076,14226.5333333333,1.297235,0.162924945,0.124395,1.144093563970208,3256.02,0.0615125615125615
354,2019-07,3.77871304347826,23068.81,24.5135,14043.9130434783,1.3547043479999998,0.1728173304,0.1212863636,1.0986040687283978,3208.11,0.0624764853214658
355,2019-08,4.01938181818182,23114.56,24.5714,14242.0454545455,1.262795455,0.1755862909,0.1155545455,1.169368587783836,3412.65,0.0634329157297355
356,2019-09,4.1209,23142.04,24.623,14111.0952380952,1.288942857,0.1813713714,0.11158,1.2529663973836762,3399.62,0.0643819397779271
357,2019-10,4.08638695652174,23154.63,24.6377,14117.5652173913,1.270513043,0.187169513,0.124573913,1.2969307304660214,3437.73,0.0653236431637553
358,2019-11,4.154725,23143.46,24.6503,14068.7164285714,1.4098142859999998,0.2024856476,0.1268699999999999,1.2584704856165692,3411.42,0.0662581102678902
359,2019-12,4.10888095238095,23162.22,24.635,14017.45225,1.560290909,0.1947635590999999,0.133352381,1.2455501741796773,3383.0,0.0671854241791611
360,2020-01,4.14677727272727,23164.3,24.6511,13732.2284090909,1.429365217,0.1711564522,0.1416666667,1.2725212948263194,3317.37,0.0668145184823612
361,2020-02,4.34183888888889,23218.2,24.6966,13776.15275,1.3550049999999998,0.170019975,0.1507105263,1.2122066573831318,3408.24,0.0664388316334703
362,2020-03,4.88321818181818,23223.42,24.754,15194.5738095238,1.483272727,0.1635727318,0.11805,1.1798763927570286,3870.01,0.0660582705857693
363,2020-04,5.324985,23241.5,24.8196,15867.4319047619,1.546304545,0.1342454545,0.1005190476,1.1669292762471537,3986.56,0.0656727398623793
364,2020-05,5.64285,23256.5,24.8354,14906.1909375,1.499161905,0.1196142857,0.10641,1.1171333599441176,3863.34,0.0652821414764033
365,2020-06,5.19599523809524,23235.92,24.7149,14195.955,1.4152,0.1985727318,0.1182818182,1.0423367305930276,3693.0,0.0648863748478968
366,2020-07,5.27959565217391,23222.56,24.6351,14582.4111363636,1.467808696,0.2404913129999999,0.1190181818,1.064143689615444,3660.6,0.0644853367175214
367,2020-08,5.46063333333333,23209.0,24.513,14724.5025,1.630714286,0.2012428570999999,0.1281428571,1.1238168958822836,3788.1,0.0640789210567245
368,2020-09,5.39888095238095,23206.84,24.4482,14847.9565909091,1.6656454550000002,0.1677727409,0.1244142856999999,1.207459381208553,3749.86,0.0636670189742815
369,2020-10,5.62519047619048,23197.22,24.3273,14749.1379545455,1.520568182,0.2115090817999999,0.1428772727,1.1521057651658788,3833.06,0.0632495186190277
370,2020-11,5.417235,23178.96,24.2158,14236.8121428571,1.507261905,0.2311238142999999,0.149335,1.1597900445428238,3680.67,0.0628263050785966
371,2020-12,5.14494545454545,23146.0,24.1141,14173.0884782609,1.579526087,0.1599,0.1466772727,1.1235519472743605,3468.5,0.0623972602739726
372,2021-01,5.3556,23137.0,24.0876,14061.9025,1.6081952380000002,0.1623380905,0.1591631579,1.1297141330478724,3494.53,0.0632200501593663
373,2021-02,5.41589444444444,23138.6111111111,24.0787,14042.1025,1.66429,0.15656,0.1700052631999999,1.207872187950758,3552.43,0.0640295607444096
374,2021-03,5.64554782608696,23195.96,24.0275,14417.3934782609,1.670508696,0.1622347739,0.1580565217,1.156217515036605,3617.0,0.0648261109347059
375,2021-04,5.561535,23203.13,23.9995,14558.1840909091,1.6864863639999998,0.1617999,0.1623761905,1.0871825416625087,3651.85,0.0656100095054933
376,2021-05,5.29044761904762,23159.29,24.0372,14323.1926190476,1.864628571,0.1617999,0.1720333333,1.1078943545826492,3741.96,0.0663815555007264
377,2021-06,5.03130476190476,23140.92,23.8651,14338.2288636364,1.920645455,0.1617999,0.1721409091,1.0342682376101098,3693.0,0.0671410386134412
378,2021-07,5.15602727272727,23197.93,23.7213,14511.1921428571,2.045009091,0.1809782798,0.1771476189999999,1.0224469568451706,3832.24,0.067888739548416
379,2021-08,5.25112272727273,23159.54,23.8983,14397.702,2.1643454550000003,0.178262757,0.1938363636,1.1699315061098967,3887.68,0.068624930368085
380,2021-09,5.27909047619048,23125.38,24.0813,14256.9570454545,2.255368182,0.1858898788,0.1926428570999999,1.3275485816149724,3820.28,0.0693498748225989
381,2021-10,5.539375,23154.27,24.1042,14198.45275,2.410733333,0.1920909102,0.1961904762,1.433028716059911,3771.68,0.0700638286648731
382,2021-11,5.55626,23126.58,24.1235,14263.5029545455,2.589781818,0.209614702,0.1974619048,1.4318760743348062,3900.51,0.0707670399514154
383,2021-12,5.65060434782609,23178.78,24.3454,14328.9158695652,2.683291304,0.2229483571999999,0.1916727273,1.436208096179841,3967.77,0.0714597493296751
384,2022-01,5.53350476190476,23102.04,24.4791,14335.2404761905,2.710814286,0.2539390971,0.18461,1.4169096002939283,4000.72,0.068512197570525
385,2022-02,5.19597894736842,23115.0,24.4965,14351.0580555556,2.798335,0.2683954845,0.1820315789,1.4245956663733434,3938.36,0.06575855841861
386,2022-03,4.96778181818182,23152.89,24.3406,14348.6390909091,2.589934783,0.280564667,0.1910782609,1.2811363899447523,3805.52,0.0631803056793187
387,2022-04,4.75741578947368,23112.92,24.3436,14368.7389473684,2.6539761900000003,0.2853669632,0.1969904762,1.2276082758026328,3796.39,0.0607612002842203
388,2022-05,4.95445,23129.44,24.3988,14608.0026666667,2.604495455,0.2815863422,0.1928090909,1.1950751825711463,4027.6,0.0584869479153779
389,2022-06,5.04860952380952,23082.23,24.4124,14688.5733333333,2.737636364,0.2914918287,0.1879409091,1.2033313146936886,3922.5,0.0563449163449163
390,2022-07,5.36747619047619,23187.0,24.4587,14984.3814285714,2.559066667,0.2916277518,0.1834,1.1996946852518804,4394.01,0.054323900682019
391,2022-08,5.1404875,23190.41,24.4886,14850.6368181818,2.684834783,0.2801760324,0.180626087,1.1894215261587031,4326.77,0.052413927314597
392,2022-09,5.23635714285714,23295.0,24.6359,14971.7729545455,2.674922727,0.2773279087,0.1818590909,1.2190930223802745,4437.31,0.0506060893034708
393,2022-10,5.249695,23564.38,24.69,15417.4761904762,2.40082381,0.2807818245,0.1830095238,1.2476588836171316,4714.96,0.0488924074956572
394,2022-11,5.274055,23679.35,24.6294,15658.7272727273,2.137181818,0.2615130742,0.1940590909,1.284954443396141,4922.3,0.0472657127874747
395,2022-12,5.24183181818182,23643.89,24.5978,15615.0,2.103886364,0.249488657,0.20065,1.2395457144541917,4787.89,0.0457195458729671
396,2023-01,5.20008181818182,23604.78,24.5596,15295.2380952381,2.0676,0.227821048,0.1994318182,1.2016425606226924,4712.18,0.047678009660862
397,2023-02,5.17108888888889,23629.75,24.5684,15126.0,2.29506,0.2134287772,0.214035,1.1996160553746222,4802.75,0.049579975025542
398,2023-03,5.21086086956522,23621.81,24.5805,15300.7142857143,2.22663913,0.2081605646,0.2096173913,1.2646241247924812,4760.96,0.051427852032145
399,2023-04,5.01913333333333,23615.46,24.5541,14866.7142857143,2.299555,0.2036755245,0.24582,1.198377635148007,4526.03,0.0532239155920281
400,2023-05,4.98224090909091,23664.5,24.5724,14810.8573809524,2.201213043,0.2041561523,0.2572956522,1.1831396862044252,4539.54,0.0549703148058731
401,2023-06,4.85096666666667,23763.15,24.5932,14932.0002941176,2.07385,0.2048162498,0.2476227272999999,1.2020178393555352,4213.53,0.0566690815423005
402,2023-07,4.80023333333333,23763.15,24.5773,15039.75,1.934942857,0.2056469724999999,0.2400809524,1.2394027510409955,4067.63,0.0583221383239913
403,2023-08,4.90294347826087,23882.15,24.6063,15245.1365909091,1.863469565,0.2129865208,0.2419304348,1.394568471210458,4066.87,0.0599313055856655
404,2023-09,4.93639,24037.52,24.6419,15354.2,1.835890476,0.2118808213999999,0.2656380952,1.4821723621304352,4008.41,0.0614983083615273
405,2023-10,5.06424285714286,24079.06,24.6752,15741.2275,1.839513636,0.2414552354,0.2690363636,1.4701545068991482,4219.16,0.0630247824538191
406,2023-11,4.897735,23869.96,24.6563,15617.4090909091,1.974331818,0.2321977713,0.2730954545,1.522130613892644,4040.26,0.0645122801288612
407,2023-12,4.89664,23916.54,24.6513,15513.3684210526,2.103104762,0.2167138055,0.2214571429,1.4389259536790922,3954.14,0.0659622753822686
408,2024-01,4.91379545454545,23983.08,24.6485,15610.8186363636,2.038791304,0.2181863534,0.2247478261,1.4293878128657094,3920.2,0.0659596901739729
409,2024-02,4.96378947368421,23976.09,24.6755,15665.3336111111,2.0878333330000003,0.2258840828,0.2334190475999999,1.5462556762616688,3931.85,0.0659565934310798
410,2024-03,4.979535,23994.88,24.6648,15702.6111111111,2.089133333,0.22670305,0.2176904761999999,1.6555511448685036,3908.67,0.0659528166575992
411,2024-04,5.12848636363636,24140.24,24.68,16100.0,2.398663636,0.2276050405,0.2064727273,1.526446319547133,3866.12,0.0659481082282349
412,2024-05,5.13244761904762,24216.46,24.687,16083.9447222222,2.323426087,0.2308833903,0.1879956522,1.3419804968656732,3865.09,0.06594207490969
413,2024-06,5.388375,24252.8,24.7436,16329.3888888889,2.48405,0.2387397126,0.191695,1.3331589988297303,4054.56,0.0659340659340659
414,2024-07,5.54144782608696,24251.56,24.8582,16261.652826087,2.570986957,0.2421291967,0.1935173912999999,1.3635182339813663,4036.8,0.0659229208924949
415,2024-08,5.55201363636364,24245.85,24.8826,15793.1818181818,2.614377273,0.2447004908,0.1841954545,1.4671522765828129,4062.98,0.0659063493804145
416,2024-09,5.54096666666667,24163.54,24.8381,15341.25,2.7876047620000004,0.2514660317,0.206247619,1.5729898195607408,4191.86,0.0658791129149152
417,2024-10,5.62350869565217,24192.52,24.9661,15541.347826087,2.767773913,0.2385921298,0.2235521739,1.4902319197866298,4257.76,0.0658260312032485
418,2024-11,5.80645789473684,24276.42,25.1766,15812.35,3.049528571,0.2382440219,0.216552381,1.59874109007448,4411.12,0.0656771045140301
